,Rank_MOJO_by_Box_office,Title,Lifetime_Gross_MOJO,Max_Theaters,Opening_Box,Opening_Th,Distributor,User_Rating_IMDB,Metacritic,Number_of_votes_IMDB,Running_Time,Director,Release_Difference
0,1,Fahrenheit 9/11,119194771,2011.0,23920637.0,868.0,Lionsgate,7.5,67.0,125629,2h 2min,Michael Moore,8475.0
1,2,March of the Penguins,77437223,2506.0,137492.0,4.0,Warner Independent Pictures (WIP),7.5,79.0,55375,1h 20min,Luc Jacquet,8841.0
2,3,Justin Bieber: Never Say Never,73013910,3118.0,29514054.0,3105.0,Paramount Pictures,1.6,,75071,1h 45min,Jon M. Chu,10899.0
3,4,This Is It,72091016,3481.0,23234394.0,3481.0,Sony Pictures Entertainment (SPE),7.2,67.0,38161,1h 51min,Kenny Ortega,10428.0
4,5,Under the Sea 3D,36262926,108.0,661185.0,49.0,Warner Bros.,7.5,77.0,1730,41min,Howard Hall,10171.0
5,6,2016: Obama's America,33449086,2017.0,31610.0,1.0,Rocky Mountain Pictures,5.0,,10313,1h 27min,Dinesh D'Souza,11417.0
6,7,Earth,32011576,1804.0,8825760.0,1804.0,Walt Disney Studios Motion Pictures,8.0,72.0,14137,1h 30min,Alastair Fothergill,10239.0
7,8,Chimpanzee,28972764,1567.0,10673748.0,1563.0,Walt Disney Studios Motion Pictures,7.2,,5851,1h 18min,Alastair Fothergill,11333.0
8,9,One Direction: This Is Us,28873374,2735.0,15815497.0,2735.0,TriStar Pictures,4.2,,23365,1h 32min,Morgan Spurlock,11830.0
9,10,Born to Be Wild,25978556,208.0,871478.0,206.0,Warner Bros.,7.6,66.0,2930,40min,David Lickley,10955.0
10,11,Katy Perry: Part of Me,25326071,2732.0,7138266.0,2730.0,Paramount Pictures,5.9,,13275,1h 33min,Dan Cutforth,11409.0
11,12,Sicko,24540079,1117.0,68969.0,1.0,Lionsgate,7.9,74.0,73259,2h 3min,Michael Moore,9569.0
12,13,An Inconvenient Truth,24146161,587.0,281330.0,4.0,Paramount Classics,7.4,75.0,79832,1h 36min,Davis Guggenheim,9175.0
13,14,Won't You Be My Neighbor?,22835787,893.0,475419.0,29.0,Focus Features,8.4,85.0,22152,1h 35min,Morgan Neville,13573.0
14,15,Bowling for Columbine,21576018,248.0,209148.0,8.0,United Artists,7.9,72.0,138833,2h,Michael Moore,7854.0
15,17,They Shall Not Grow Old,17956913,1335.0,,,Warner Bros.,8.3,91.0,27415,1h 39min,Peter Jackson,13765.0
16,18,Bears,17780194,1790.0,4776267.0,1720.0,Walt Disney Studios Motion Pictures,7.4,68.0,6404,1h 18min,Alastair Fothergill,12061.0
17,19,Free Solo,17541090,483.0,294288.0,4.0,National Geographic Entertainment,8.2,83.0,51388,1h 40min,Jimmy Chin,13685.0
18,20,Monkey Kingdom,16432322,2012.0,4577861.0,2012.0,Walt Disney Studios Motion Pictures,7.3,72.0,3674,1h 21min,Mark Linfield,12425.0
19,21,A Beautiful Planet,15650615,155.0,223983.0,137.0,IMAX,7.4,75.0,1130,46min,Toni Myers,12803.0
20,22,African Cats,15428747,1224.0,6003200.0,1220.0,Walt Disney Studios Motion Pictures,7.6,61.0,6141,1h 29min,Keith Scholey,10969.0
21,23,Madonna: Truth or Dare,15012935,652.0,543250.0,51.0,Miramax,6.4,,8624,2h,Alek Keshishian,3682.0
22,24,To the Arctic 3D,14560838,52.0,270228.0,50.0,Warner Bros.,6.5,,1033,40min,Greg MacGillivray,11333.0
23,25,America: Imagine the World Without Her,14444502,1105.0,38608.0,3.0,Lionsgate,5.4,,6481,1h 45min,Dinesh D'Souza,12131.0
24,26,Capitalism: A Love Story,14363397,995.0,231964.0,4.0,Overture Films,7.4,61.0,40869,2h 7min,Michael Moore,10393.0
25,27,RBG,14017361,432.0,578470.0,34.0,Magnolia Pictures,7.6,71.0,11280,1h 38min,Julie Cohen,13538.0
26,28,Born in China,13873211,1508.0,4790367.0,1508.0,Walt Disney Studios Motion Pictures,7.2,,3451,1h 19min,Chuan Lu,13160.0
27,29,Hillary's America: The Secret History of the Democratic Party,13099931,1217.0,74814.0,3.0,-,5.3,,6666,1h 46min,Dinesh D'Souza,12880.0
28,30,Religulous,13011160,568.0,3409643.0,502.0,Lionsgate,7.6,,57066,1h 41min,Larry Charles,10036.0
29,31,Three Identical Strangers,12320845,433.0,171503.0,5.0,Neon,7.7,81.0,24343,1h 36min,Tim Wardle,13594.0
30,32,Super Size Me,11536423,230.0,516641.0,41.0,IDP Distribution,7.2,73.0,100146,1h 40min,Morgan Spurlock,8428.0
31,34,Winged Migration,10764402,202.0,33128.0,1.0,Sony Pictures Classics,7.9,82.0,11435,1h 29min,Jacques Perrin,8043.0
32,35,Terror in the Aisles,10004817,1134.0,4009866.0,1127.0,Universal Pictures,6.5,,1747,1h 24min,Andrew J. Kuehn,1295.0
33,36,Amy,8413144,435.0,222500.0,6.0,A24,7.8,85.0,47767,2h 8min,Asif Kapadia,12502.0
34,37,Mad Hot Ballroom,8117961,202.0,45348.0,2.0,Paramount Classics,7.3,71.0,3353,1h 45min,Marilyn Agrelo,8799.0
35,38,Jerusalem,8020721,33.0,,,National Geographic Entertainment,7.3,,1146,44min,Daniel Ferguson,11844.0
36,39,Hoop Dreams,7830611,262.0,18396.0,3.0,Fine Line Features,8.3,98.0,24023,2h 50min,Steve James,4935.0
37,40,Expelled: No Intelligence Allowed,7720487,1052.0,2970848.0,1052.0,Rocky Mountain Pictures,3.7,,11794,1h 30min,Nathan Frankowski,9870.0
38,41,Tupac: Resurrection,7718961,804.0,4632847.0,801.0,Paramount Pictures,7.9,66.0,8928,1h 52min,Lauren Lazin,8253.0
39,42,Penguins,7699452,1815.0,2282593.0,1815.0,Walt Disney Studios Motion Pictures,7.0,69.0,1276,1h 16min,Alastair Fothergill,13886.0
40,46,I Am Not Your Negro,7123919,320.0,686378.0,43.0,Magnolia Pictures,7.9,95.0,18686,1h 33min,Raoul Peck,13083.0
41,47,Roger & Me,6706368,265.0,80253.0,4.0,Warner Bros.,7.4,70.0,25414,1h 31min,Michael Moore,3178.0
42,48,Waiting for 'Superman',6417135,330.0,139033.0,4.0,Paramount Vantage,7.5,81.0,10599,1h 51min,Davis Guggenheim,10759.0
43,49,The Aristocrats,6377461,234.0,243796.0,4.0,THINKFilm,6.4,72.0,15909,1h 29min,Penn Jillette,8876.0
44,50,Fahrenheit 11/9,6352306,1719.0,3008563.0,1719.0,-,7.0,69.0,16996,2h 8min,Michael Moore,13678.0
45,51,Justin Bieber's Believe,6206566,1037.0,2007567.0,1037.0,Open Road Films (II),1.7,,17575,1h 32min,Jon M. Chu,11947.0
46,52,Meet the Mormons,6047363,333.0,2509808.0,317.0,Purdie Distribution,6.9,,1931,1h 18min,Blair Treu,12236.0
47,53,Death of a Nation,5885881,1005.0,2356522.0,1005.0,-,4.6,,6272,1h 48min,Dinesh D'Souza,13629.0
48,54,Spellbound,5728581,117.0,17508.0,1.0,THINKFilm,7.5,80.0,11812,1h 37min,Jeffrey Blitz,8055.0
49,56,Shine a Light,5505267,277.0,1488081.0,276.0,Paramount Vantage,7.2,76.0,10990,2h 2min,Martin Scorsese,9856.0
50,58,Cave of Forgotten Dreams,5304920,123.0,139101.0,5.0,IFC Films,7.4,86.0,14966,1h 30min,Werner Herzog,10976.0
51,61,Pavarotti,4600249,288.0,144032.0,19.0,CBS Films,7.5,66.0,2439,1h 54min,Ron Howard,13937.0
52,62,Touching the Void,4593598,137.0,96973.0,5.0,IFC Films,8.0,82.0,33209,1h 46min,Kevin Macdonald,8323.0
53,63,Amazing Grace,4450456,263.0,57353.0,3.0,Neon,7.5,94.0,3366,1h 29min,Alan Elliott,13755.0
54,64,"Food, Inc.",4417674,155.0,60513.0,3.0,Magnolia Pictures,7.8,80.0,49069,1h 34min,Robert Kenner,10290.0
55,65,The Biggest Little Farm,4366949,285.0,110492.0,5.0,Neon,8.1,73.0,4915,1h 31min,John Chester,13909.0
56,66,Inside Job,4312735,250.0,39649.0,2.0,Sony Pictures Classics,8.2,88.0,68530,1h 49min,Charles Ferguson,10773.0
57,67,Linda Ronstadt: The Sound of My Voice,4252657,247.0,113235.0,7.0,Greenwich Entertainment,8.0,77.0,1393,1h 35min,Rob Epstein,14028.0
58,69,Burn the Stage: The Movie,4201819,645.0,2420197.0,629.0,Trafalgar Releasing,8.8,,2465,1h 24min,Jun-Soo Park,13733.0
59,70,The Fog of War: Eleven Lessons from the Life of Robert S. McNamara,4198566,261.0,41449.0,3.0,Sony Pictures Classics,8.1,87.0,22564,1h 47min,Errol Morris,8288.0
60,71,Good Hair,4157223,466.0,1039220.0,186.0,Roadside Attractions,6.9,72.0,5440,1h 36min,Jeff Stilson,10409.0
61,72,Enron: The Smartest Guys in the Room,4071700,151.0,76639.0,3.0,Magnolia Pictures,7.6,,16548,1h 50min,Alex Gibney,8778.0
62,73,Buck,4038912,152.0,67548.0,4.0,IFC Films,7.6,76.0,3152,1h 28min,Cindy Meehl,11025.0
63,74,Young@Heart,3992189,212.0,50937.0,4.0,Fox Searchlight Pictures,7.9,75.0,3842,1h 47min,Stephen Walker,9861.0
64,75,Bully,3863446,263.0,535433.0,158.0,The Weinstein Company,7.3,74.0,9747,1h 38min,Lee Hirsch,11326.0
65,76,Where to Invade Next,3827261,308.0,897034.0,308.0,Drafthouse Films,7.5,64.0,23251,2h,Michael Moore,12726.0
66,77,The Real Cancun,3825421,2261.0,2300000.0,2261.0,New Line Cinema,2.8,,3704,1h 36min,Rick de Oliveira,8050.0
67,78,The September Issue,3820067,143.0,220633.0,6.0,Roadside Attractions,7.1,69.0,7357,1h 30min,R.J. Cutler,10367.0
68,79,Paris Is Burning,3779620,91.0,310127.0,23.0,Miramax,8.2,82.0,12206,1h 11min,Jennie Livingston,3773.0
69,80,Imagine: John Lennon,3753977,561.0,1412213.0,561.0,Warner Bros.,7.9,,4540,1h 40min,Andrew Solt,2737.0
70,81,Searching for Sugar Man,3696196,157.0,27459.0,3.0,Sony Pictures Classics,8.2,79.0,62884,1h 26min,Malik Bendjelloul,11431.0
71,82,Step Into Liquid,3681803,91.0,135985.0,5.0,Artisan Entertainment,7.5,72.0,2594,1h 28min,Dana Brown,8155.0
72,83,Pina,3524826,84.0,68012.0,3.0,IFC Films,7.7,83.0,14318,1h 43min,Wim Wenders,11214.0
73,84,Born Into Brothels: Calcutta's Red Light Kids,3515061,127.0,14605.0,1.0,THINKFilm,7.2,78.0,16015,1h 25min,Zana Briski,8643.0
74,86,An Inconvenient Sequel: Truth to Power,3496795,556.0,124823.0,4.0,Paramount Pictures,6.4,68.0,7519,1h 38min,Bonni Cohen,13258.0
75,87,Echo in the Canyon,3355324,147.0,117651.0,2.0,Greenwich Entertainment,6.9,69.0,2231,1h 22min,Andrew Slater,13923.0
76,88,Rize,3336391,352.0,1574787.0,352.0,Lionsgate,7.1,74.0,3113,1h 26min,David LaChapelle,8841.0
77,89,Exit Through the Gift Shop,3291250,46.0,170756.0,8.0,-,8.0,85.0,61670,1h 27min,Banksy,10598.0
78,90,Catfish,3237343,143.0,257285.0,12.0,Rogue Pictures,7.1,65.0,40543,1h 27min,Henry Joost,10752.0
79,91,Grizzly Man,3178403,105.0,269131.0,29.0,Lionsgate,7.8,87.0,52179,1h 43min,Werner Herzog,8890.0
80,92,The Eagle Huntress,3169351,122.0,52574.0,4.0,Sony Pictures Classics,7.5,72.0,3436,1h 27min,Otto Bell,12990.0
81,93,Maiden,3168978,180.0,46931.0,6.0,Sony Pictures Classics,7.7,82.0,1634,1h 37min,Alex Holmes,13958.0
82,94,Wordplay,3121270,154.0,32847.0,2.0,IFC Films,7.3,73.0,3565,1h 34min,Patrick Creadon,9198.0
83,95,Capturing the Friedmans,3119113,78.0,65154.0,3.0,Magnolia Pictures,7.7,90.0,23736,1h 47min,Andrew Jarecki,8085.0
84,96,The Wild Parrots of Telegraph Hill,3058527,67.0,36731.0,5.0,Shadow Distribution,7.8,80.0,2921,1h 23min,Judy Irving,8706.0
85,97,Crumb,3041083,56.0,19859.0,1.0,Sony Pictures Classics,8.0,93.0,18236,1h 59min,Terry Zwigoff,5124.0
86,98,Whitney,3026351,451.0,1265572.0,451.0,Roadside Attractions,7.3,75.0,6439,2h,Kevin Macdonald,13601.0
87,100,Man on Wire,2962242,93.0,51392.0,2.0,Magnolia Pictures,7.7,89.0,52023,1h 34min,James Marsh,9968.0
88,101,Joan Rivers: A Piece of Work,2930687,115.0,164351.0,7.0,IFC Films,7.4,79.0,3573,1h 24min,Ricki Stern,10654.0
89,102,The Beatles: Eight Days a Week - The Touring Years,2930414,155.0,785336.0,85.0,Abramorama,7.8,72.0,11054,1h 46min,Ron Howard,12942.0
90,103,Unzipped,2875086,119.0,71275.0,2.0,Miramax,6.5,,1041,1h 13min,Douglas Keeve,5229.0
91,104,Kedi,2835047,130.0,40103.0,1.0,Oscilloscope,7.7,78.0,12720,1h 19min,Ceyda Torun,13090.0
92,105,Citizenfour,2800870,105.0,126321.0,5.0,RADiUS-TWC,8.0,88.0,51546,1h 54min,Laura Poitras,12250.0
93,106,When We Were Kings,2789985,92.0,12479.0,2.0,Gramercy Pictures (I),8.0,83.0,14951,1h 28min,Leon Gast,5677.0
94,107,Comedian,2751988,244.0,60224.0,4.0,Miramax,6.9,62.0,6474,1h 22min,Christian Charles,7854.0
95,108,My Architect,2750707,39.0,37929.0,2.0,New Yorker Films,7.4,81.0,3055,1h 56min,Nathaniel Kahn,8251.0
96,110,Samsara,2672413,70.0,76222.0,2.0,Oscilloscope,8.5,65.0,32636,1h 42min,Ron Fricke,11459.0
97,111,He Named Me Malala,2668936,477.0,61808.0,4.0,Fox Searchlight Pictures,6.9,61.0,4417,1h 28min,Davis Guggenheim,12593.0
98,112,Control Room,2589616,74.0,27125.0,1.0,Magnolia Pictures,7.6,79.0,5001,1h 24min,Jehane Noujaim,8442.0
99,113,Is Genesis History?,2570392,704.0,,,Fathom Events,4.2,,1462,1h 40min,Thomas Purifoy,13103.0
100,114,Jiro Dreams of Sushi,2552478,80.0,42035.0,2.0,Magnolia Pictures,7.9,77.0,33083,1h 21min,David Gelb,11291.0
101,116,The Endurance,2453083,40.0,18931.0,3.0,Cowboy Pictures,7.8,85.0,1846,1h 37min,George Butler,7483.0
102,117,The Gatekeepers,2415727,131.0,61552.0,3.0,Sony Pictures Classics,7.6,91.0,5400,1h 41min,Dror Moreh,11620.0
103,118,The Queen of Versailles,2401999,89.0,51326.0,3.0,Magnolia Pictures,7.1,80.0,12451,1h 40min,Lauren Greenfield,11424.0
104,120,Meru,2334228,176.0,91279.0,7.0,Music Box Films,7.7,77.0,14634,1h 30min,Jimmy Chin,12544.0
105,123,A Brief History of Time,2279692,45.0,84025.0,5.0,Triton Pictures,7.3,78.0,5128,1h 20min,Errol Morris,4151.0
106,124,Riding Giants,2276368,64.0,134400.0,26.0,Sony Pictures Classics,7.9,80.0,4326,1h 45min,Stacy Peralta,8491.0
107,126,The Endless Summer 2,2155385,302.0,657292.0,302.0,New Line Cinema,7.5,,1823,1h 49min,Bruce Brown,4802.0
108,127,Blackfish,2073582,99.0,75962.0,5.0,Magnolia Pictures,8.1,83.0,60899,1h 23min,Gabriela Cowperthwaite,11788.0
109,129,Beyond the Mat,2053648,298.0,9532.0,1.0,Lionsgate,7.6,73.0,8103,1h 42min,Barry W. Blaustein,6769.0
110,130,This Is Elvis,2028612,309.0,429146.0,309.0,Warner Bros.,7.5,,1149,1h 50min,Malcolm Leo,0.0
111,131,Pope Francis: A Man of His Word,2008385,385.0,507870.0,346.0,Focus Features,6.2,63.0,1906,1h 36min,Wim Wenders,13552.0
112,134,The Corporation,1879983,28.0,28671.0,2.0,Zeitgeist Films,8.0,73.0,20290,2h 25min,Mark Achbar,8456.0
113,135,Fantastic Fungi,1788322,37.0,9419.0,1.0,Area 23a,7.7,70.0,1345,1h 21min,Louie Schwartzberg,14042.0
114,137,Valentino: The Last Emperor,1755134,38.0,21762.0,1.0,Truly Indie,7.2,68.0,1731,1h 36min,Matt Tyrnauer,10204.0
115,138,Girl Rising,1727259,170.0,81640.0,34.0,GathrFilms,7.1,,1156,1h 41min,Richard Robbins,11654.0
116,139,Every Little Step,1725141,70.0,68504.0,8.0,Sony Pictures Classics,7.5,76.0,1420,1h 36min,Adam Del Deo,10234.0
117,140,Koyaanisqatsi,1723872,,,,Island Alive,8.3,72.0,34615,1h 26min,Godfrey Reggio,747.0
118,141,Jane,1723379,96.0,58348.0,3.0,Abramorama,7.8,87.0,4416,1h 30min,Brett Morgen,13342.0
119,144,Who Killed the Electric Car?,1678874,74.0,45138.0,8.0,Sony Pictures Classics,7.6,70.0,12074,1h 32min,Chris Paine,9210.0
120,145,Weiner,1676108,88.0,84173.0,5.0,IFC Films,7.6,84.0,9600,1h 36min,Josh Kriegman,12824.0
121,146,Tim's Vermeer,1671377,129.0,49777.0,4.0,Sony Pictures Classics,7.8,76.0,7681,1h 20min,Teller,11984.0
122,148,Senna,1612430,47.0,73497.0,2.0,-,8.5,79.0,62630,1h 46min,Asif Kapadia,11081.0
123,149,It Might Get Loud,1610163,75.0,92679.0,7.0,Sony Pictures Classics,7.6,70.0,12260,1h 38min,Davis Guggenheim,10353.0
124,151,Stories We Tell,1600145,70.0,27053.0,2.0,Roadside Attractions,7.5,91.0,12142,1h 48min,Sarah Polley,11718.0
125,152,I Am,1591034,74.0,10092.0,1.0,Paladin,7.5,,3435,1h 18min,Tom Shadyac,10906.0
126,153,Western Stars,1581681,553.0,560282.0,345.0,Warner Bros.,7.5,80.0,1318,1h 23min,Bruce Springsteen,14077.0
127,156,Awake: The Life of Yogananda,1539680,21.0,18885.0,1.0,-,7.3,,1106,1h 27min,Paola di Florio,12236.0
128,157,Fed Up,1538899,104.0,126028.0,18.0,RADiUS-TWC,7.7,71.0,11379,1h 32min,Stephanie Soechtig,12082.0
129,158,Murderball,1531154,97.0,57286.0,8.0,THINKFilm,7.7,87.0,9790,1h 28min,Henry Alex Rubin,8855.0
130,159,Finding Vivian Maier,1514782,97.0,63600.0,3.0,IFC Films,7.7,75.0,12904,1h 23min,John Maloof,12040.0
131,162,Why We Fight,1439972,64.0,53571.0,6.0,Sony Pictures Classics,8.0,68.0,9710,1h 38min,Eugene Jarecki,9051.0
132,162,Why We Fight,1439972,64.0,53571.0,6.0,Sony Pictures Classics,7.0,,1935,52min,Frank Capra,9051.0
133,163,The Kid Stays in the Picture,1439232,56.0,89087.0,4.0,Focus Features,7.3,75.0,6899,1h 33min,Nanette Burstein,7777.0
134,164,No End in Sight,1433319,117.0,31533.0,2.0,Magnolia Pictures,8.2,89.0,8105,1h 42min,Charles Ferguson,9604.0
135,165,Microcosmos,1433210,43.0,35189.0,2.0,Miramax,7.9,,10591,1h 20min,Claude Nuridsany,5661.0
136,166,Marley,1413480,73.0,262004.0,42.0,Magnolia Pictures,8.0,82.0,13046,2h 24min,Kevin Macdonald,11333.0
137,167,Looking for Richard,1408575,81.0,33843.0,2.0,Fox Searchlight Pictures,7.3,,7811,1h 51min,Al Pacino,5663.0
138,168,The Celluloid Closet,1400591,38.0,95047.0,9.0,Sony Pictures Classics,7.8,,6068,1h 42min,Rob Epstein,5453.0
139,170,The Salt of the Earth,1343349,80.0,44900.0,4.0,Sony Pictures Classics,8.5,83.0,19345,1h 50min,Juliano Ribeiro Salgado,12404.0
140,171,Restrepo,1330894,52.0,35581.0,2.0,National Geographic Entertainment,7.5,85.0,21790,1h 33min,Tim Hetherington,10668.0
141,172,Chasing Ice,1328467,53.0,,,Submarine Deluxe,7.8,75.0,8185,1h 15min,Jeff Orlowski,11536.0
142,173,Hearts of Darkness: A Filmmaker's Apocalypse,1318449,28.0,42992.0,4.0,Triton Pictures,8.1,,18690,1h 36min,Fax Bahr,3883.0
143,174,Iris,1310678,92.0,57254.0,6.0,Magnolia Pictures,7.2,80.0,4142,1h 19min,Albert Maysles,12437.0
144,175,Anne Frank Remembered,1310200,31.0,26697.0,4.0,Sony Pictures Classics,8.0,,1010,1h 57min,Jon Blair,5432.0
145,177,Brother's Keeper,1305915,15.0,10758.0,1.0,-,7.5,93.0,3812,1h 44min,Joe Berlinger,4170.0
146,178,The Wolfpack,1301696,94.0,43920.0,2.0,Magnolia Pictures,7.0,75.0,11829,1h 30min,Crystal Moselle,12481.0
147,179,Dogtown and Z-Boys,1300682,70.0,103355.0,20.0,Sony Pictures Classics,7.7,76.0,12136,1h 31min,Stacy Peralta,7686.0
148,180,No Safe Spaces,1291514,200.0,45236.0,1.0,Atlas Distribution Company,7.7,,1161,1h 40min,Justin Folk,14077.0
149,181,Startup.com,1283356,35.0,16118.0,1.0,Artisan Entertainment,7.0,75.0,3255,1h 47min,Chris Hegedus,7336.0
150,182,Maria By Callas,1267301,149.0,91915.0,16.0,Sony Pictures Classics,7.2,71.0,1506,1h 59min,Tom Volf,13720.0
151,184,McQueen,1257275,95.0,98873.0,4.0,Bleecker Street Media,7.8,84.0,6158,1h 51min,Ian Bonhôte,13615.0
152,185,Baraka,1254237,15.0,26812.0,2.0,The Samuel Goldwyn Company,8.6,,35637,1h 36min,Ron Fricke,4550.0
153,187,Gonzo,1252100,59.0,191942.0,26.0,Magnolia Pictures,7.7,73.0,7460,2h,Alex Gibney,9947.0
154,190,Metallica: Some Kind of Monster,1222708,147.0,46359.0,3.0,IFC Films,7.5,74.0,17196,1h 24min,Joe Berlinger,8491.0
155,191,The Thin Blue Line,1209846,23.0,17814.0,1.0,Miramax,8.0,79.0,21252,1h 41min,Errol Morris,2695.0
156,192,Inequality for All,1205273,103.0,140888.0,28.0,RADiUS-TWC,8.1,68.0,6571,1h 29min,Jacob Kornbluth,11858.0
157,193,"Beats, Rhymes & Life: The Travels of A Tribe Called Quest",1200326,54.0,111982.0,4.0,Sony Pictures Classics,7.7,76.0,3433,1h 37min,Michael Rapaport,11046.0
158,197,Festival Express,1174079,43.0,12074.0,1.0,THINKFilm,7.6,85.0,2138,1h 30min,Bob Smeaton,8505.0
159,198,American Movie,1165795,29.0,20260.0,2.0,Sony Pictures Classics,7.9,84.0,16538,1h 47min,Chris Smith,6783.0
160,199,Vaxxed: From Cover-Up to Catastrophe,1163265,95.0,28339.0,1.0,Cinema Libre Studio,5.2,,4370,1h 31min,Andrew Wakefield,12775.0
161,202,In the Shadow of the Moon,1134358,104.0,38281.0,4.0,THINKFilm,8.0,84.0,6500,1h 40min,David Sington,9646.0
162,203,Paper Clips,1121744,43.0,25535.0,5.0,Slowhand Cinema Releasing,7.2,64.0,1668,1h 22min,Elliot Berlin,8629.0
163,204,The U.S. vs. John Lennon,1109146,65.0,69143.0,6.0,Lionsgate,7.3,64.0,5351,1h 39min,David Leaf,9289.0
164,208,Page One: Inside the New York Times,1067028,65.0,28911.0,2.0,Magnolia Pictures,6.9,68.0,3248,1h 32min,Andrew Rossi,11025.0
165,209,Leonard Cohen: I'm Your Man,1044254,55.0,17130.0,1.0,Lionsgate,6.8,68.0,2074,1h 45min,Lian Lunson,9203.0
166,210,The Eyes of Tammy Faye,1029591,51.0,,,Lionsgate,7.1,69.0,1501,1h 19min,Fenton Bailey,7042.0
167,211,Dior and I,1028953,105.0,45772.0,2.0,The Orchard,7.3,70.0,3474,1h 30min,Frédéric Tcheng,12418.0
168,212,Diana Vreeland: The Eye Has to Travel,1017579,27.0,63700.0,3.0,The Samuel Goldwyn Company,7.5,69.0,1417,1h 26min,Lisa Immordino Vreeland,11487.0
169,213,First Position,1014071,58.0,48024.0,5.0,IFC Films,7.6,72.0,3269,1h 35min,Bess Kargman,11347.0
170,214,Marianne & Leonard: Words of Love,1012034,101.0,44942.0,4.0,Roadside Attractions,6.9,69.0,1238,1h 42min,Nick Broomfield,13965.0
171,217,The Dawn Wall,970032,593.0,,,Fathom Events,8.1,81.0,13522,1h 40min,Josh Lowell,13676.0
172,218,Faces Places,953717,42.0,31006.0,5.0,Cohen Media Group,7.9,94.0,10436,1h 34min,JR,13328.0
173,219,More Than a Game,950675,111.0,182943.0,14.0,Lionsgate,7.6,,5073,1h 45min,Kristopher Belman,10402.0
174,220,Encounters at the End of the World,944933,39.0,17730.0,1.0,THINKFilm,7.7,80.0,16938,1h 39min,Werner Herzog,9924.0
175,221,American Teen,942441,109.0,45589.0,5.0,Paramount Vantage,6.4,66.0,4066,1h 35min,Nanette Burstein,9968.0
176,222,Dark Horse,940715,74.0,13838.0,3.0,Sony Pictures Classics,7.3,75.0,978,1h 25min,Louise Osmond,12810.0
177,223,Patterns of Evidence: Exodus,925576,652.0,764309.0,652.0,Thinking Man Films,7.2,,996,1h 55min,Tim Mahoney,12337.0
178,224,35 Up,922872,21.0,13690.0,1.0,The Samuel Goldwyn Company,8.2,,2282,2h 3min,Michael Apted,3932.0
179,228,Jesus Camp,902544,52.0,17659.0,13.0,Magnolia Pictures,7.4,62.0,26176,1h 27min,Heidi Ewing,9289.0
180,229,The War Room,901668,21.0,15264.0,1.0,October Films,7.3,78.0,3786,1h 36min,Chris Hegedus,4590.0
181,230,The Imposter,898317,31.0,22379.0,1.0,-,7.5,77.0,44629,1h 39min,Bart Layton,11417.0
182,231,The Wildest Dream,898137,21.0,67848.0,12.0,National Geographic Entertainment,7.3,,2347,1h 34min,Anthony Geffen,10710.0
183,233,Tea With the Dames,889343,71.0,14777.0,1.0,IFC Films,7.3,85.0,1810,1h 24min,Roger Michell,13678.0
184,234,Tyson,887918,56.0,85046.0,11.0,Sony Pictures Classics,7.5,83.0,12098,1h 30min,James Toback,10241.0
185,235,"Fast, Cheap & Out of Control",878960,40.0,23665.0,2.0,Sony Pictures Classics,7.2,,3599,1h 20min,Errol Morris,6020.0
186,237,Particle Fever,869838,27.0,53901.0,4.0,Abramorama,7.4,87.0,7134,1h 39min,Mark Levinson,12017.0
187,238,The Cove,857005,56.0,57640.0,4.0,Roadside Attractions,8.4,84.0,46897,1h 32min,Louie Psihoyos,10339.0
188,240,Sharkwater,850920,60.0,37140.0,60.0,Freestyle Releasing,8.0,,4759,1h 29min,Rob Stewart,9667.0
189,241,Generation Iron,849521,84.0,245000.0,53.0,The Vladar Company,7.1,61.0,7531,1h 46min,Vlad Yudin,11851.0
190,242,Arctic Tale,833532,227.0,22607.0,4.0,Paramount Vantage,7.0,64.0,1770,1h 36min,Adam Ravetch,9602.0
191,243,I.O.U.S.A.,821046,358.0,61313.0,18.0,Roadside Attractions,7.5,70.0,1822,1h 25min,Patrick Creadon,9996.0
192,244,Bombshell: The Hedy Lamarr Story,820300,36.0,8000.0,1.0,Zeitgeist Films,7.4,70.0,3225,1h 28min,Alexandra Dean,13377.0
193,246,Honeyland,815082,56.0,31381.0,2.0,Neon,8.0,86.0,12477,1h 29min,Tamara Kotevska,13986.0
194,247,Life Itself,810454,100.0,131411.0,23.0,Magnolia Pictures,7.8,87.0,14711,2h 1min,Steve James,12138.0
195,249,The Tillman Story,802535,28.0,52185.0,4.0,The Weinstein Company,7.7,86.0,4514,1h 34min,Amir Bar-Lev,10724.0
196,250,Visions of Light,799856,13.0,27761.0,2.0,Kino International,7.7,,3006,1h 32min,Arnold Glassman,4338.0
197,253,Up the Yangtze,783969,23.0,15851.0,1.0,Zeitgeist Films,7.5,84.0,1775,1h 33min,Yung Chang,9877.0
198,256,To Be and to Have,777129,14.0,20528.0,3.0,New Yorker Films,7.8,87.0,7717,1h 44min,Nicolas Philibert,8197.0
199,259,For All Mankind,770132,9.0,33777.0,6.0,Apollo Associates,8.2,79.0,4998,1h 20min,Al Reinert,3127.0
200,261,First Descent,750805,243.0,438615.0,243.0,Universal Pictures,7.1,,1054,1h 50min,Kemp Curly,9002.0
201,262,Seymour: An Introduction,743541,64.0,26587.0,2.0,IFC Films,7.4,83.0,1001,1h 24min,Ethan Hawke,12390.0
202,264,The Game Changers,739711,610.0,,,Fathom Events,7.9,,14830,1h 26min,Louie Psihoyos,14038.0
203,265,Forks Over Knives,739561,39.0,17645.0,1.0,-,7.7,,11545,1h 30min,Lee Fulkerson,10864.0
204,267,Lost in La Mancha,732393,24.0,63303.0,8.0,IFC Films,7.3,74.0,11122,1h 29min,Keith Fulton,7966.0
205,270,The Big One,720074,53.0,146909.0,33.0,Miramax,7.0,,7647,1h 31min,Michael Moore,6209.0
206,273,The 11th Hour,707343,111.0,60853.0,4.0,Warner Independent Pictures (WIP),7.3,63.0,5543,1h 35min,Leila Conners,9625.0
207,275,Cartel Land,704352,65.0,15581.0,2.0,The Orchard,7.4,76.0,17671,1h 40min,Matthew Heineman,12502.0
208,277,Tabloid,696921,37.0,91201.0,14.0,IFC Films,7.0,74.0,6571,1h 27min,Errol Morris,11053.0
209,278,Muscle Shoals,696241,56.0,13901.0,1.0,Magnolia Pictures,7.7,75.0,3453,1h 51min,Greg 'Freddy' Camalier,11858.0
210,279,Red Army,694600,84.0,20100.0,3.0,Sony Pictures Classics,7.6,83.0,6553,1h 24min,Gabe Polsky,12341.0
211,281,Chris Brown: Welcome To My Life,693984,413.0,,,Fathom Events,5.7,,1007,1h 20min,Andrew Sandler,13208.0
212,282,Inside Deep Throat,691880,27.0,88709.0,12.0,Universal Pictures,6.7,64.0,6445,1h 29min,Fenton Bailey,8708.0
213,285,The King of Kong: A Fistful of Quarters,677914,58.0,51493.0,5.0,Picturehouse,8.1,83.0,34450,1h 19min,Seth Gordon,9625.0
214,286,Kurt & Courtney,668228,12.0,16835.0,1.0,Roxie Releasing,6.1,,6843,1h 35min,Nick Broomfield,6167.0
215,287,Anvil: The Story of Anvil,667911,27.0,34651.0,3.0,Abramorama,7.9,82.0,15462,1h 20min,Sacha Gervasi,10227.0
216,288,Jodorowsky's Dune,647280,61.0,36018.0,3.0,Sony Pictures Classics,8.1,79.0,21327,1h 30min,Frank Pavich,12033.0
217,290,City of Gold,640979,50.0,62959.0,4.0,IFC Films,7.2,72.0,914,1h 36min,Laura Gabbert,12754.0
218,291,Dust to Glory,640013,80.0,15757.0,2.0,IFC Films,7.5,61.0,928,1h 37min,Dana Brown,8757.0
219,292,The Greatest Movie Ever Sold,638476,141.0,118294.0,18.0,Sony Pictures Classics,6.6,66.0,14536,1h 30min,Morgan Spurlock,10969.0
220,293,The Last Lions,635325,61.0,53344.0,4.0,National Geographic Entertainment,8.3,69.0,3991,1h 28min,Dereck Joubert,10906.0
221,296,"Love, Gilda",626318,112.0,189639.0,82.0,Magnolia Pictures,7.4,74.0,1320,1h 28min,Lisa D'Apolito,13678.0
222,299,Tickled,613956,53.0,21898.0,2.0,Magnolia Pictures,7.6,76.0,16063,1h 32min,David Farrier,12852.0
223,301,The Filth and the Fury,612192,29.0,13305.0,1.0,Fine Line Features,7.7,82.0,5544,1h 48min,Julien Temple,6928.0
224,302,Gunner Palace,607844,56.0,63520.0,8.0,Palm Pictures,6.6,70.0,1884,1h 25min,Petra Epperlein,8729.0
225,304,Wild West Comedy Show: 30 Days & 30 Nights - Hollywood to the Heartland,603894,962.0,464170.0,962.0,Picturehouse,6.2,,1567,1h 40min,Ari Sandel,9800.0
226,306,Lo and Behold: Reveries of the Connected World,594912,51.0,114273.0,39.0,Magnolia Pictures,7.0,76.0,11745,1h 38min,Werner Herzog,12915.0
227,307,Tarnation,592014,22.0,12740.0,1.0,Wellspring Media,7.1,87.0,6314,1h 28min,Jonathan Caouette,8580.0
228,309,Powaqqatsi,589244,22.0,27899.0,1.0,Cannon Film Distributors,7.3,,7678,1h 39min,Godfrey Reggio,2576.0
229,310,Elvis on Tour,587818,,,,Warner Bros.,7.6,,1340,1h 33min,Robert Abel,10702.0
230,311,Gleason,583664,148.0,91583.0,9.0,Open Road Films (II),8.4,80.0,2524,1h 50min,Clay Tweel,12894.0
231,312,Salinger,583633,138.0,86956.0,4.0,The Weinstein Company,6.7,,2425,2h,Shane Salerno,11837.0
232,313,Pick of the Litter,578717,60.0,16519.0,2.0,IFC Films,7.6,64.0,1131,1h 20min,Don Hardy,13657.0
233,316,The Weather Underground,564632,14.0,13984.0,1.0,Shadow Distribution,7.4,77.0,3411,1h 32min,Sam Green,8090.0
234,317,Hands on a Hardbody: The Documentary,563482,6.0,7607.0,1.0,Providence Entertainment,7.6,82.0,1738,1h 38min,S.R. Bindler,6300.0
235,318,Undefeated,562218,21.0,33165.0,5.0,The Weinstein Company,7.7,71.0,6709,1h 53min,Daniel Lindsay,11270.0
236,322,The Art of the Steal,544890,34.0,39019.0,3.0,IFC Films,7.6,75.0,2231,1h 41min,Don Argott,10549.0
237,325,Incident at Oglala,536848,12.0,19070.0,3.0,Miramax,7.5,,1034,1h 29min,Michael Apted,4046.0
238,326,Ai Weiwei: Never Sorry,534100,37.0,41104.0,5.0,IFC Films,7.6,81.0,4181,1h 31min,Alison Klayman,11431.0
239,327,Wild Man Blues,533759,25.0,54458.0,3.0,New Line Cinema,6.9,,2133,1h 45min,Barbara Kopple,6216.0
240,329,Human Flow,527845,36.0,45677.0,3.0,Magnolia Pictures,7.0,77.0,2351,2h 20min,Weiwei Ai,13335.0
241,330,The First Monday in May,527474,45.0,99242.0,20.0,Magnolia Pictures,7.2,,1453,1h 30min,Andrew Rossi,12789.0
242,332,Trouble the Water,520151,15.0,28606.0,3.0,Zeitgeist Films,7.3,83.0,1913,1h 33min,Carl Deal,9996.0
243,334,"Thelonious Monk: Straight, No Chaser",518918,11.0,31842.0,2.0,Warner Bros.,7.6,,1052,1h 30min,Charlotte Zwerin,3096.0
244,336,The Black Panthers: Vanguard of the Revolution,516893,12.0,20215.0,1.0,PBS Distribution,7.3,79.0,1805,1h 55min,Stanley Nelson,12563.0
245,337,The Trials of Henry Kissinger,516726,8.0,14667.0,1.0,First Run,7.6,72.0,1916,1h 20min,Eugene Jarecki,7838.0
246,338,Shut Up and Play the Hits,510334,161.0,,,Oscilloscope,7.4,72.0,2610,1h 48min,Will Lovelace,11422.0
247,339,"Mr. Death: The Rise and Fall of Fred A. Leuchter, Jr.",507941,28.0,24125.0,3.0,Lionsgate,7.5,78.0,5293,1h 31min,Errol Morris,6837.0
248,343,Steve Jobs: The Man in the Machine,494506,68.0,140064.0,68.0,Magnolia Pictures,6.9,72.0,5754,2h 8min,Alex Gibney,12565.0
249,344,The Act of Killing,486919,29.0,27450.0,1.0,Drafthouse Films,8.2,91.0,34501,1h 57min,Joshua Oppenheimer,11788.0
250,346,The Flat,471842,27.0,19916.0,3.0,IFC Films,6.9,83.0,1456,1h 37min,Arnon Goldfinger,11515.0
251,347,Pearl Jam Twenty,471334,60.0,102448.0,7.0,Abramorama,8.3,,7533,1h 49min,Cameron Crowe,11120.0
252,350,Last Days in Vietnam,466114,25.0,30500.0,2.0,American Experience Films,7.6,86.0,3676,1h 38min,Rory Kennedy,12201.0
253,351,Scotty and the Secret History of Hollywood,461689,34.0,28144.0,1.0,Greenwich Entertainment,6.6,67.0,1070,1h 38min,Matt Tyrnauer,13622.0
254,352,Outfoxed: Rupert Murdoch's War on Journalism,461572,18.0,77982.0,5.0,Cinema Libre Studio,7.5,,6076,1h 18min,Robert Greenwald,8519.0
255,353,The Most Dangerous Man in America: Daniel Ellsberg and the Pentagon Papers,453993,12.0,1114.0,1.0,First Run,7.7,75.0,2239,1h 32min,Judith Ehrlich,10521.0
256,355,I Am Trying to Break Your Heart,445522,13.0,10776.0,1.0,Cowboy Pictures,7.5,66.0,2008,1h 32min,Sam Jones,7777.0
257,358,Gimme Danger,440627,71.0,44725.0,3.0,Magnolia Pictures,7.2,72.0,4879,1h 48min,Jim Jarmusch,12985.0
258,362,I Want Your Money,433588,537.0,249428.0,537.0,Freestyle Releasing,4.7,,1259,1h 32min,Ray Griggs,10780.0
259,364,Listen to Me Marlon,425831,38.0,30068.0,2.0,-,8.2,87.0,6902,1h 43min,Stevan Riley,12528.0
260,365,Hail Satan?,424284,67.0,26496.0,3.0,Magnolia Pictures,7.3,76.0,5169,1h 35min,Penny Lane,13886.0
261,366,Sound City,422853,50.0,62842.0,16.0,Variance Films,7.8,76.0,12030,1h 47min,Dave Grohl,11620.0
262,367,She's Beautiful When She's Angry,421573,19.0,10505.0,1.0,International Film Circuit,7.8,80.0,1462,1h 32min,Mary Dore,12292.0
263,368,Porn Star: The Legend of Ron Jeremy,421516,7.0,23865.0,2.0,-,6.3,,2274,1h 17min,Scott J. Gill,7539.0
264,369,The Last Days,421432,32.0,20492.0,3.0,October Films,7.5,,1813,1h 27min,James Moll,6510.0
265,370,Heart of a Dog,420813,22.0,13893.0,1.0,Abramorama,7.1,84.0,2058,1h 15min,Laurie Anderson,12612.0
266,372,In the Realms of the Unreal,417120,13.0,15477.0,3.0,Wellspring Media,7.3,74.0,2063,1h 21min,Jessica Yu,8657.0
267,373,Project Nim,411184,22.0,25820.0,4.0,Roadside Attractions,7.4,83.0,8135,1h 33min,James Marsh,11046.0
268,374,Janis: Little Girl Blue,410465,26.0,21861.0,2.0,FilmRise,7.4,74.0,4908,1h 43min,Amy Berg,12649.0
269,375,Unbranded,410185,80.0,141416.0,80.0,Gravitas Ventures,7.4,64.0,1347,1h 46min,Phillip Baribeau,12586.0
270,376,Chasing Trane: The John Coltrane Documentary,406284,17.0,16626.0,1.0,Abramorama,7.3,,1987,1h 39min,John Scheinfeld,13153.0
271,377,The Hunting Ground,405917,25.0,22464.0,2.0,RADiUS-TWC,7.4,77.0,5829,1h 43min,Kirby Dick,12376.0
272,382,End of the Century,391950,10.0,18422.0,1.0,Magnolia Pictures,8.0,74.0,3509,1h 50min,Jim Fields,8533.0
273,383,Detropia,390024,24.0,17414.0,1.0,Loki Films,6.4,68.0,1542,1h 30min,Heidi Ewing,11473.0
274,385,Where in the World Is Osama Bin Laden?,384955,102.0,148698.0,102.0,The Weinstein Company,6.5,,5875,1h 30min,Morgan Spurlock,9870.0
275,386,Dirty Wars,384473,31.0,63504.0,4.0,IFC Films,7.5,76.0,8957,1h 27min,Rick Rowley,11746.0
276,387,The Armstrong Lie,383294,77.0,28992.0,5.0,Sony Pictures Classics,7.3,67.0,7181,2h 4min,Alex Gibney,11900.0
277,389,What We Left Behind: Star Trek DS9,382457,795.0,,,Fathom Events,8.4,,1184,1h 56min,Ira Steven Behr,13912.0
278,394,Grace Jones: Bloodlight and Bami,375208,36.0,56171.0,3.0,Kino Lorber,6.2,75.0,980,1h 55min,Sophie Fiennes,13517.0
279,395,Genghis Blues,374550,6.0,6524.0,1.0,Roxie Releasing,7.9,,1267,1h 28min,Roko Belic,6656.0
280,396,The Decline of Western Civilization Part II: The Metal Years,373743,21.0,45008.0,21.0,New Line Cinema,7.2,,3358,1h 33min,Penelope Spheeris,2611.0
281,400,Glen Campbell: I'll Be Me,365422,18.0,86741.0,10.0,Area 23a,8.0,79.0,1479,1h 56min,James Keach,12250.0
282,401,Mountain,365412,35.0,6067.0,1.0,Greenwich Entertainment,7.2,82.0,3625,1h 14min,Jennifer Peedom,13545.0
283,408,Long Strange Trip - The Untold Story of The Grateful Dead,351957,56.0,33272.0,56.0,Abramorama,8.2,78.0,1322,3h 58min,Amir Bar-Lev,13194.0
284,412,Happy People: A Year in the Taiga,338987,23.0,10481.0,1.0,Music Box Films,7.7,74.0,7624,1h 30min,Werner Herzog,11613.0
285,413,Kings of Pastry,336386,10.0,15162.0,2.0,First Run,6.9,69.0,1043,1h 27min,Chris Hegedus,10750.0
286,414,The Devil and Daniel Johnston,334450,17.0,23192.0,5.0,Sony Pictures Classics,7.9,77.0,9213,1h 50min,Jeff Feuerzeig,9121.0
287,415,Ballet 422,333554,27.0,27653.0,2.0,Magnolia Pictures,6.2,74.0,1100,1h 15min,Jody Lee Lipes,12355.0
288,417,The Central Park Five,325653,22.0,30570.0,3.0,IFC Films,7.7,79.0,6865,1h 59min,Ken Burns,11550.0
289,419,A Film Unfinished,320486,16.0,34060.0,4.0,Oscilloscope,7.4,88.0,1698,1h 28min,Yael Hersonski,10722.0
290,422,Bukowski: Born into This,318816,8.0,27095.0,5.0,Magnolia Pictures,7.9,77.0,3317,2h 10min,John Dullaghan,8449.0
291,423,Trekkies,318246,339.0,125636.0,339.0,Paramount Classics,6.9,64.0,4709,1h 26min,Roger Nygard,6615.0
292,428,Grass,313039,10.0,21578.0,2.0,-,7.2,64.0,3437,1h 20min,Ron Mann,6991.0
293,429,For the Bible Tells Me So,312751,15.0,7412.0,1.0,First Run,7.8,73.0,4321,1h 35min,Daniel G. Karslake,9674.0
294,430,The Hornet's Nest,312706,57.0,26550.0,4.0,Freestyle Releasing,6.7,61.0,2285,1h 33min,David Salzberg,12082.0
295,431,L'amour fou,312494,18.0,37250.0,2.0,IFC Films,6.8,63.0,962,1h 38min,Pierre Thoretton,10990.0
296,432,West of Memphis,310154,40.0,13360.0,5.0,Sony Pictures Classics,7.9,80.0,9719,2h 27min,Amy Berg,11582.0
297,434,The Panama Deception,309596,11.0,6563.0,1.0,Empowerment Project,7.6,,991,1h 31min,Barbara Trent,4130.0
298,435,Bigger Stronger Faster*,308575,26.0,31576.0,6.0,Magnolia Pictures,7.6,80.0,13042,1h 45min,Chris Bell,9912.0
299,436,Merchants of Doubt,308156,30.0,20300.0,4.0,Sony Pictures Classics,7.7,70.0,3571,1h 36min,Robert Kenner,12383.0
300,437,Aquarela,307346,69.0,24753.0,5.0,Sony Pictures Classics,6.6,80.0,1070,1h 30min,Viktor Kosakovskiy,14007.0
301,439,This Film Is Not Yet Rated,306845,18.0,30664.0,2.0,IFC Films,7.5,75.0,27228,1h 38min,Kirby Dick,9275.0
302,442,Being Elmo: A Puppeteer's Journey,304052,15.0,22963.0,1.0,Submarine Deluxe,7.6,71.0,6693,1h 20min,Constance Marks,11151.0
303,443,Linsanity,302645,16.0,99462.0,9.0,Ketchup Entertainment,7.3,,1885,1h 29min,Evan Jackson Leong,11865.0
304,444,God Grew Tired of Us,301447,10.0,21858.0,2.0,Newmarket Films,7.9,72.0,2726,1h 29min,Christopher Dillon Quinn,9408.0
305,445,Crazy Love,301027,38.0,17952.0,3.0,Magnolia Pictures,7.1,69.0,2376,1h 32min,Dan Klores,9548.0
306,446,42 Up,300880,5.0,11599.0,1.0,First Run,8.2,86.0,2380,2h 19min,Michael Apted,6795.0
307,448,Room 237,296359,28.0,29693.0,2.0,IFC Films,6.2,80.0,20729,1h 42min,Rodney Ascher,11676.0
308,451,Scratch,289885,7.0,,,Palm Pictures,7.9,77.0,2687,1h 32min,Doug Pray,7616.0
309,452,Antarctica: A Year on Ice,288757,30.0,32238.0,8.0,Music Box Films,7.6,69.0,3289,1h 31min,Anthony Powell,12285.0
310,455,Something from Nothing: The Art of Rap,288000,157.0,150337.0,157.0,-,7.2,66.0,3309,1h 46min,Ice-T,11389.0
311,456,American Pimp,287724,9.0,28699.0,5.0,Seventh Art Releasing,6.7,,2132,1h 27min,Albert Hughes,7000.0
312,457,Outrage,287198,18.0,32589.0,5.0,Magnolia Pictures,7.5,64.0,1579,1h 30min,Kirby Dick,10255.0
313,460,The Interrupters,282448,10.0,7920.0,1.0,The Cinema Guild,7.5,86.0,3420,2h 5min,Steve James,11067.0
314,463,American Hardcore,279665,19.0,18102.0,1.0,Sony Pictures Classics,7.4,69.0,3275,1h 40min,Paul Rachman,9296.0
315,464,"20,000 Days on Earth",279558,28.0,27879.0,1.0,Drafthouse Films,7.5,83.0,10786,1h 37min,Iain Forsyth,12213.0
316,465,The Unknown Known,276497,80.0,64315.0,18.0,RADiUS-TWC,7.0,69.0,3865,1h 43min,Errol Morris,12047.0
317,468,Taxi to the Dark Side,274661,20.0,10930.0,2.0,THINKFilm,7.4,82.0,14728,1h 46min,Alex Gibney,9779.0
318,469,Planet B-Boy,273870,14.0,27777.0,2.0,Elephant Eye Films,7.7,63.0,961,1h 35min,Benson Lee,9842.0
319,470,The Black Power Mixtape 1967-1975,273749,13.0,17316.0,2.0,IFC Films,7.6,73.0,2065,1h 40min,Göran Olsson,11109.0
320,473,Countdown to Zero,272040,28.0,41307.0,3.0,Magnolia Pictures,6.9,70.0,2151,1h 31min,Lucy Walker,10696.0
321,474,Deep Water,271143,17.0,22632.0,2.0,IFC Films,7.8,80.0,2932,1h 32min,Louise Osmond,9632.0
322,475,One Child Nation,270128,36.0,20523.0,2.0,Amazon Studios,7.5,85.0,4215,1h 28min,Nanfu Wang,14000.0
323,477,Surfwise,269994,13.0,10304.0,1.0,Magnolia Pictures,7.2,72.0,1431,1h 33min,Doug Pray,9891.0
324,481,Conan O'Brien Can't Stop,267965,24.0,97043.0,24.0,Abramorama,7.0,64.0,6020,1h 29min,Rodman Flender,11032.0
325,484,Life and Debt,263107,4.0,,,New Yorker Films,7.5,67.0,949,1h 20min,Stephanie Black,7372.0
326,485,Minimalism: A Documentary About the Important Things,261865,80.0,,,GathrFilms,6.7,,12883,1h 18min,Matt D'Avella,12828.0
327,489,Hitchcock/Truffaut,260430,23.0,28178.0,3.0,Cohen Media Group,7.4,79.0,5711,1h 19min,Kent Jones,12654.0
328,490,The King,259291,45.0,29050.0,2.0,Oscilloscope,6.6,70.0,941,1h 47min,Eugene Jarecki,13587.0
329,491,The Green Prince,258237,24.0,32698.0,4.0,Music Box Films,7.2,67.0,2563,1h 41min,Nadav Schirman,12208.0
330,492,Mayor of the Sunset Strip,257315,18.0,21722.0,7.0,First Look International,7.0,71.0,1460,1h 34min,George Hickenlooper,8386.0
331,494,Alive Inside: A Story of Music and Memory,256682,20.0,7200.0,1.0,Bond/360,8.2,67.0,2934,1h 18min,Michael Rossato-Bennett,12152.0
332,495,Jean-Michel Basquiat: The Radiant Child,256242,7.0,17466.0,1.0,Arthouse Films,7.8,74.0,2042,1h 28min,Tamra Davis,10694.0
333,496,"Life, Animated",255388,60.0,21883.0,3.0,The Orchard,7.5,75.0,5570,1h 32min,Roger Ross Williams,12866.0
334,497,The Yes Men,255364,32.0,24373.0,3.0,United Artists,6.9,68.0,5557,1h 23min,Dan Ollman,8568.0
335,499,The War Tapes,254190,9.0,12268.0,1.0,-,7.3,77.0,1213,1h 37min,Deborah Scranton,9184.0
336,500,National Gallery,253941,15.0,10049.0,1.0,Zipporah Films,7.3,89.0,1365,3h,Frederick Wiseman,12262.0
337,502,Life in a Day,252788,19.0,45202.0,11.0,National Geographic Entertainment,7.7,,14761,1h 35min,Loressa Clisby,11067.0
338,504,Meeting Gorbachev,251837,42.0,18128.0,2.0,1091 Media,7.2,73.0,1516,1h 30min,Werner Herzog,13902.0
339,506,Joe Strummer: The Future Is Unwritten,248362,17.0,20880.0,2.0,IFC Films,7.6,79.0,3721,2h 4min,Julien Temple,9702.0
340,507,Promises,247948,5.0,,,Cowboy Pictures,8.4,80.0,2552,1h 46min,B.Z. Goldberg,7644.0
341,508,The Galapagos Affair: Satan Came to Eden,247159,15.0,5185.0,1.0,Zeitgeist Films,6.7,69.0,1309,2h,Daniel Geller,12047.0
342,511,When You're Strange,246078,8.0,66833.0,8.0,Abramorama,7.7,,9049,1h 26min,Tom DiCillo,10591.0
343,513,The Summit,243550,70.0,20904.0,8.0,IFC Films,6.9,63.0,4483,1h 35min,Nick Ryan,11865.0
344,514,Oasis: Supersonic,242867,106.0,16880.0,14.0,A24,7.9,71.0,9957,2h 2min,Mat Whitecross,12983.0
345,517,49 Up,241772,21.0,53277.0,21.0,First Run,8.2,84.0,2606,3h,Michael Apted,9310.0
346,518,Manufactured Landscapes,240239,12.0,9129.0,1.0,Zeitgeist Films,7.3,79.0,2778,1h 26min,Jennifer Baichwal,9567.0
347,519,The Beaches of Agnès,239711,7.0,19032.0,3.0,The Cinema Guild,8.0,86.0,3232,1h 52min,Agnès Varda,10310.0
348,522,Generation Wealth,237709,45.0,35834.0,4.0,Magnolia Pictures,6.6,,3638,1h 45min,Lauren Greenfield,13615.0
349,524,El Bulli: Cooking in Progress,237181,10.0,12756.0,1.0,-,6.4,61.0,1067,1h 48min,Gereon Wetzel,11065.0
350,525,Deepsea Challenge,235659,304.0,149879.0,304.0,-,6.8,,1588,1h 31min,John Bruno,12173.0
351,526,Art and Craft,235037,20.0,20879.0,2.0,Oscilloscope,7.1,68.0,1462,1h 29min,Sam Cullman,12215.0
352,529,My Kid Could Paint That,231574,20.0,26290.0,8.0,Sony Pictures Classics,7.1,74.0,3166,1h 22min,Amir Bar-Lev,9674.0
353,530,A Place at the Table,231378,35.0,92257.0,35.0,Magnolia Pictures,6.8,68.0,1115,1h 24min,Kristi Jacobson,11648.0
354,531,Matangi/Maya/M.I.A,230808,9.0,43573.0,2.0,Abramorama,7.5,70.0,1683,1h 36min,Steve Loveridge,13685.0
355,532,Standard Operating Procedure,229117,21.0,14108.0,2.0,Sony Pictures Classics,7.4,70.0,3804,1h 56min,Errol Morris,9877.0
356,540,Into the Abyss,223880,30.0,47559.0,12.0,IFC Films,7.3,74.0,15641,1h 47min,Werner Herzog,11172.0
357,541,Never Surrender: A Galaxy Quest Documentary,222971,556.0,,,Fathom Events,7.6,,1178,1h 35min,Jack Bennett,14109.0
358,543,New York Doll,219672,11.0,17583.0,5.0,First Independent Pictures,7.7,72.0,1656,1h 15min,Greg Whiteley,8967.0
359,552,Supermensch: The Legend of Shep Gordon,213064,46.0,23017.0,4.0,RADiUS-TWC,7.4,64.0,3133,1h 25min,Beth Aala,12110.0
360,555,The House I Live In,210752,12.0,16453.0,2.0,Abramorama,7.9,77.0,5147,1h 48min,Eugene Jarecki,11501.0
361,556,Mondovino,209618,8.0,9840.0,1.0,THINKFilm,7.1,67.0,1400,2h 15min,Jonathan Nossiter,8748.0
362,563,Sweetgrass,207473,9.0,9870.0,1.0,The Cinema Guild,6.8,80.0,941,1h 41min,Ilisa Barbash,10498.0
363,568,Iraq in Fragments,204462,12.0,24435.0,7.0,Arab Film Distribution,7.3,84.0,1391,1h 34min,James Longley,9343.0
364,569,Darwin's Nightmare,203746,6.0,8072.0,1.0,International Film Circuit,7.5,84.0,5329,1h 47min,Hubert Sauper,8881.0
365,571,Deliver Us from Evil,201275,24.0,15656.0,4.0,Lionsgate,7.9,86.0,9753,1h 41min,Amy Berg,9317.0
366,574,Risk,200219,45.0,76327.0,34.0,Neon,6.3,72.0,2047,1h 26min,Laura Poitras,13174.0
367,575,Cutie and the Boxer,200036,16.0,21098.0,3.0,RADiUS-TWC,7.2,83.0,4467,1h 22min,Zachary Heinzerling,11816.0
368,576,What Would Jesus Buy?,200010,25.0,9527.0,1.0,Warrior Poets Releasing,6.4,,1129,1h 31min,Rob VanAlkemade,9716.0
369,577,Studio 54,199767,14.0,14909.0,1.0,Zeitgeist Films,7.0,70.0,2188,1h 38min,Matt Tyrnauer,13692.0
370,578,South of the Border,198600,12.0,21545.0,1.0,Cinema Libre Studio,7.0,,2823,1h 18min,Oliver Stone,10668.0
371,581,The Yes Men Fix the World,194533,16.0,1242.0,2.0,Shadow Distribution,7.6,71.0,5094,1h 27min,Andy Bichlbaum,10395.0
372,584,The Final Year,191900,39.0,67971.0,35.0,Magnolia Pictures,6.4,67.0,2744,1h 29min,Greg Barker,13433.0
373,587,Client 9: The Rise and Fall of Eliot Spitzer,189416,17.0,16962.0,3.0,Magnolia Pictures,7.4,68.0,2167,1h 57min,Alex Gibney,10801.0
374,590,Waste Land,187716,8.0,9806.0,1.0,Arthouse Films,7.9,78.0,8250,1h 39min,Lucy Walker,10794.0
375,596,Whose Streets?,182799,39.0,43804.0,24.0,Magnolia Pictures,5.3,79.0,1186,1h 42min,Sabaah Folayan,13272.0
376,597,Winnebago Man,181039,12.0,16469.0,2.0,Kino International,7.2,71.0,4581,1h 25min,Ben Steinbauer,10682.0
377,598,An Honest Liar,180590,15.0,13821.0,2.0,Abramorama,7.5,76.0,9137,1h 30min,Tyler Measom,12383.0
378,600,The Bridge,179780,19.0,49313.0,19.0,First Stripe Productions,7.2,,10938,1h 34min,Eric Steel,9331.0
379,604,Chicago 10,177490,14.0,42724.0,14.0,Roadside Attractions,7.3,69.0,1210,1h 50min,Brett Morgen,9821.0
380,607,Casino Jack and the United States of Money,176865,21.0,28234.0,9.0,Magnolia Pictures,7.1,68.0,1564,1h 58min,Alex Gibney,10619.0
381,609,An Unreasonable Man,176647,11.0,9813.0,1.0,IFC Films,7.9,75.0,1644,2h 2min,Henriette Mantel,9427.0
382,613,SOMM,174197,9.0,28050.0,5.0,The Samuel Goldwyn Company,7.0,,4341,1h 34min,Jason Wise,11760.0
383,617,All Things Must Pass,172394,14.0,19001.0,2.0,Gravitas Ventures,7.3,73.0,2956,1h 34min,Colin Hanks,12607.0
384,619,David Lynch: The Art Life,171419,8.0,10823.0,1.0,Janus Films,7.2,75.0,4951,1h 28min,Rick Barnes,13139.0
385,626,We Steal Secrets,166243,25.0,27689.0,4.0,Focus World,6.9,76.0,7376,2h 10min,Alex Gibney,11732.0
386,628,De fem benspænd,165845,3.0,8940.0,1.0,Koch Lorber Films,7.5,79.0,8023,1h 30min,Jørgen Leth,8447.0
387,629,De Palma,165237,19.0,30355.0,3.0,A24,7.4,83.0,4794,1h 50min,Noah Baumbach,12845.0
388,631,Nas: Time Is Illmatic,164540,43.0,23200.0,2.0,Tribeca Film,7.1,72.0,2740,1h 14min,One9,12227.0
389,633,Nostalgia for the Light,163962,6.0,5664.0,1.0,Icarus Films,7.6,91.0,4875,1h 30min,Patricio Guzmán,10870.0
390,634,Keep on Keepin' On,163745,9.0,12930.0,2.0,RADiUS-TWC,7.8,77.0,937,1h 24min,Alan Hicks,12215.0
391,638,The Witness,159305,15.0,14523.0,1.0,FilmRise,7.0,79.0,3917,1h 29min,James D. Solomon,12838.0
392,641,Ex Libris: New York Public Library,158192,15.0,10926.0,1.0,Zipporah Films,7.4,91.0,1069,3h 17min,Frederick Wiseman,13305.0
393,643,Chasing Madoff,157612,9.0,,,Cohen Media Group,6.3,,1008,1h 31min,Jeff Prosserman,11095.0
394,647,One Day in September,156818,5.0,15149.0,5.0,Sony Pictures Classics,7.8,82.0,5604,1h 34min,Kevin Macdonald,7161.0
395,650,The Gleaners & I,155320,4.0,12655.0,2.0,Zeitgeist Films,7.7,83.0,5822,1h 22min,Agnès Varda,7271.0
396,651,Bra Boys,155056,23.0,45589.0,23.0,Slowhand Cinema Releasing,6.2,,1195,1h 30min,Sunny Abberton,9863.0
397,652,Magic Trip: Ken Kesey's Search for a Kool Place,154521,18.0,14367.0,4.0,Magnolia Pictures,6.8,,1389,1h 47min,Alison Ellwood,11074.0
398,655,Eames: The Architect & The Painter,153088,12.0,,,First Run,7.2,63.0,974,1h 25min,Jason Cohn,11172.0
399,656,Backstreet Boys: Show 'Em What You're Made Of,153068,60.0,153068.0,60.0,Gravitas Ventures,7.6,,1418,1h 41min,Stephen Kijak,12348.0
400,664,Revenge of the Electric Car,150886,11.0,17482.0,2.0,Area 23a,7.2,63.0,1745,1h 30min,Chris Paine,11151.0
401,665,Stoked: The Rise and Fall of Gator,150268,13.0,10998.0,1.0,Palm Pictures,7.2,69.0,1024,1h 22min,Helen Stickler,8169.0
402,666,Seasons,150092,22.0,27134.0,13.0,Music Box Films,7.3,67.0,1470,1h 36min,Jacques Perrin,13013.0
403,667,Cocaine Cowboys,150056,14.0,36295.0,12.0,Magnolia Pictures,7.8,,12274,1h 58min,Billy Corben,9331.0
404,668,Eating Animals,149614,25.0,34524.0,2.0,IFC Films,7.3,69.0,919,1h 34min,Christopher Dillon Quinn,13580.0
405,669,Michael Moore in TrumpLand,149090,51.0,50200.0,2.0,-,5.6,,3719,1h 13min,Michael Moore,12976.0
406,672,Jonestown: The Life and Death of Peoples Temple,148292,5.0,7482.0,1.0,Seventh Art Releasing,7.8,79.0,4951,1h 26min,Stanley Nelson,9324.0
407,676,Framing John DeLorean,145625,28.0,6991.0,1.0,IFC Films,6.5,67.0,1262,1h 49min,Don Argott,13937.0
408,678,Narco Cultura,145088,46.0,6093.0,1.0,Cinedigm Entertainment Group,7.2,74.0,2366,1h 43min,Shaul Schwarz,11914.0
409,679,Once in a Lifetime: The Extraordinary Story of the New York Cosmos,144601,12.0,9805.0,1.0,Miramax,7.2,67.0,1426,1h 37min,Paul Crowder,9219.0
410,681,Kids for Cash,143178,12.0,36639.0,4.0,Paladin,7.1,75.0,1869,1h 42min,Robert May,11991.0
411,682,Flow: For Love of Water,142569,11.0,3644.0,1.0,Oscilloscope,7.6,67.0,1110,1h 24min,Irena Salina,9842.0
412,683,Waco: The Rules of Engagement,142193,5.0,,,-,7.9,,3223,2h 45min,William Gazecki,5803.0
413,685,Gore Vidal: The United States of Amnesia,140164,11.0,13744.0,2.0,IFC Films,7.7,72.0,1204,1h 23min,Nicholas D. Wrathall,12096.0
414,687,Mistaken for Strangers,138991,9.0,87743.0,9.0,Abramorama,7.3,72.0,4282,1h 15min,Tom Berninger,12040.0
415,688,Good Ol' Freda,138811,17.0,6798.0,1.0,Magnolia Pictures,7.3,,1849,1h 26min,Ryan White,11837.0
416,689,Ingrid Bergman: In Her Own Words,138148,13.0,8355.0,1.0,Rialto Pictures,7.4,75.0,1948,1h 54min,Stig Björkman,12635.0
417,691,Is the Man Who Is Tall Happy?,137042,15.0,31800.0,3.0,IFC Films,7.1,76.0,3360,1h 28min,Michel Gondry,11914.0
418,692,The Other Dream Team,135228,14.0,19821.0,2.0,The Film Arcade,8.4,69.0,3429,1h 29min,Marius A. Markevicius,11494.0
419,693,Concert for George,134600,105.0,67711.0,105.0,-,8.6,82.0,1834,2h 26min,David Leland,8211.0
420,697,Naqoyqatsi,133058,9.0,17154.0,2.0,Miramax,6.6,,5369,1h 29min,Godfrey Reggio,7861.0
421,698,"Hare Krishna! The Mantra, the Movement and the Swami Who Started It",133006,54.0,22310.0,1.0,Abramorama,9.4,,1294,1h 30min,John Griesser,13216.0
422,699,The Devil Came on Horseback,132782,7.0,11143.0,1.0,International Film Circuit,7.7,78.0,1541,1h 25min,Ricki Stern,9602.0
423,701,Dawson City: Frozen Time,132369,8.0,,,Kino Lorber,7.5,86.0,1523,2h,Bill Morrison,12959.0
424,702,Deep Blue,132261,5.0,8373.0,2.0,Miramax,7.4,71.0,2826,1h 23min,Andy Byatt,8820.0
425,703,Kumaré,132160,9.0,9601.0,1.0,Kino Lorber,7.5,,4705,1h 24min,Vikram Gandhi,11394.0
426,704,How to Survive a Plague,132055,15.0,28250.0,4.0,IFC Films,7.6,86.0,3738,1h 50min,David France,11487.0
427,706,Until the Light Takes Us,130441,3.0,7246.0,1.0,Variance Films,7.1,,5545,1h 33min,Aaron Aites,10465.0
428,707,Requiem for the American Dream,130152,14.0,,,The Film Collaborative,8.1,,8475,1h 13min,Peter D. Hutchison,12712.0
429,708,4 Little Girls,130146,4.0,13528.0,1.0,-,7.8,88.0,2798,1h 42min,Spike Lee,5934.0
430,709,Be Here to Love Me: A Film About Townes Van Zandt,129988,5.0,9098.0,1.0,Palm Pictures,7.8,69.0,1208,1h 39min,Margaret Brown,9002.0
431,710,I Called Him Morgan,128986,11.0,12902.0,1.0,Submarine Deluxe,7.3,90.0,1444,1h 32min,Kasper Collin,13132.0
432,712,City of Ghosts,128015,18.0,13601.0,2.0,IFC Films,7.4,86.0,3422,1h 32min,Matthew Heineman,13237.0
433,715,A Band Called Death,127257,16.0,34839.0,15.0,Drafthouse Films,7.5,77.0,3498,1h 36min,Mark Christopher Covino,11767.0
434,716,Dig!,127067,10.0,20437.0,2.0,Palm Pictures,7.8,76.0,5949,1h 47min,Ondi Timoner,8575.0
435,717,Unknown White Male,126836,11.0,24591.0,4.0,Wellspring Media,6.6,65.0,1011,1h 28min,Rupert Murray,9086.0
436,718,Woodstock,126562,781.0,,,Fathom Events,8.2,95.0,15763,3h 4min,Michael Wadleigh,14006.0
437,718,Woodstock,126562,781.0,,,Fathom Events,7.6,67.0,1304,1h 46min,Barak Goodman,14006.0
438,867,Woodstock,84440,11.0,8150.0,2.0,PBS Distribution,8.2,95.0,15763,3h 4min,Michael Wadleigh,13923.0
439,867,Woodstock,84440,11.0,8150.0,2.0,PBS Distribution,7.6,67.0,1304,1h 46min,Barak Goodman,13923.0
440,723,The Square,124244,9.0,16359.0,1.0,Noujaim Films,8.1,84.0,8508,1h 35min,Jehane Noujaim,11886.0
441,727,Manda Bala (Send a Bullet),122905,9.0,14030.0,1.0,City Lights Pictures,7.2,71.0,1118,1h 25min,Jason Kohn,9625.0
442,728,The Punk Singer,122742,24.0,24729.0,3.0,IFC Films,7.4,75.0,2694,1h 21min,Sini Anderson,11921.0
443,729,The Kingmaker,122587,18.0,19523.0,2.0,Greenwich Entertainment,7.6,76.0,1284,1h 41min,Lauren Greenfield,14091.0
444,735,Fire at Sea,120933,7.0,,,Kino Lorber,6.7,87.0,5333,1h 54min,Gianfranco Rosi,12945.0
445,738,Examined Life,120712,6.0,12085.0,1.0,Zeitgeist Films,7.1,64.0,1630,1h 27min,Astra Taylor,10183.0
446,741,Do I Sound Gay?,119388,18.0,10461.0,1.0,IFC Films,5.7,65.0,1802,1h 17min,David Thorpe,12509.0
447,743,The Great Buster,118344,14.0,7107.0,2.0,Cohen Media Group,7.5,71.0,1026,1h 42min,Peter Bogdanovich,13692.0
448,746,Ryuichi Sakamoto: Coda,117460,9.0,12827.0,1.0,MUBI,7.7,78.0,1077,1h 40min,Stephen Nomura Schible,13601.0
449,749,Beware of Mr. Baker,116476,15.0,12195.0,1.0,-,7.6,78.0,3210,1h 40min,Jay Bulger,11555.0
450,750,The Undefeated,116381,14.0,65132.0,10.0,Arc Entertainment,2.0,,1887,1h 58min,Steve Bannon,11053.0
451,753,War Dance,115210,10.0,15471.0,3.0,THINKFilm,7.8,68.0,1113,1h 45min,Sean Fine,9709.0
452,755,Sound and Fury,114882,6.0,7104.0,2.0,Artistic License,7.9,85.0,943,1h 20min,Josh Aronson,7138.0
453,760,Abacus: Small Enough to Jail,113278,8.0,12528.0,1.0,PBS Distribution,7.2,73.0,2615,1h 28min,Steve James,13188.0
454,763,Spinning Plates,112449,6.0,20717.0,3.0,The Film Arcade,7.1,65.0,915,1h 33min,Joseph Levy,11886.0
455,765,"Hale County This Morning, This Evening",112282,8.0,8640.0,2.0,The Cinema Guild,6.3,85.0,1754,1h 16min,RaMell Ross,13671.0
456,767,Marwencol,112036,6.0,3276.0,1.0,The Cinema Guild,7.6,82.0,3380,1h 23min,Jeff Malmberg,10773.0
457,768,Rich Hill,111376,28.0,9635.0,1.0,The Orchard,7.2,75.0,2177,1h 31min,Andrew Droz Palermo,12166.0
458,770,The Overnighters,110763,23.0,4324.0,1.0,Drafthouse Films,7.4,89.0,2323,1h 42min,Jesse Moss,12236.0
459,772,Word Wars,110617,5.0,7559.0,1.0,Seventh Art Releasing,6.9,61.0,1643,1h 20min,Eric Chaikin,8449.0
460,774,5 Broken Cameras,109983,9.0,6674.0,1.0,Kino Lorber,7.9,78.0,5701,1h 34min,Emad Burnat,11373.0
461,775,Best Worst Movie,109895,2.0,5503.0,1.0,Abramorama,7.3,61.0,7643,1h 33min,Michael Paul Stephenson,10605.0
462,776,Zero Days,109649,20.0,49110.0,18.0,Magnolia Pictures,7.8,77.0,8679,1h 56min,Alex Gibney,12873.0
463,779,The Look of Silence,109089,14.0,6616.0,1.0,Drafthouse Films,8.3,92.0,11533,1h 43min,Joshua Oppenheimer,12516.0
464,780,Trumbo,109057,6.0,28125.0,3.0,The Samuel Goldwyn Company,7.4,71.0,1000,1h 36min,Peter Askin,9940.0
465,782,Bettie Page Reveals All,108118,21.0,4846.0,1.0,Music Box Films,7.1,64.0,1348,1h 41min,Mark Mori,11914.0
466,785,Ivory Tower,106771,12.0,17857.0,2.0,The Samuel Goldwyn Company,7.0,65.0,1271,1h 30min,Andrew Rossi,12117.0
467,790,Big Star: Nothing Can Hurt Me,105998,9.0,15096.0,2.0,Magnolia Pictures,7.1,69.0,1221,1h 53min,Drew DeNicola,11772.0
468,791,Steve Jobs: The Lost Interview,105710,13.0,,,Magnolia Pictures,8.0,,1749,1h 10min,Paul Sen,11177.0
469,793,King Corn,105422,8.0,6753.0,1.0,Balcony Releasing,7.0,70.0,1933,1h 28min,Aaron Woolf,9681.0
470,796,Cold Case Hammarskjöld,104965,15.0,18285.0,10.0,Magnolia Pictures,7.5,76.0,1844,2h 8min,Mads Brügger,14007.0
471,797,Anthropocene: The Human Epoch,104806,110.0,16038.0,7.0,Kino Lorber,7.2,77.0,1332,1h 27min,Jennifer Baichwal,14047.0
472,799,Stevie,103401,13.0,9383.0,4.0,Lionsgate,7.8,72.0,2457,2h 20min,Steve James,8022.0
473,802,Filmworker,102609,17.0,7984.0,1.0,Kino Lorber,7.4,73.0,2614,1h 34min,Tony Zierra,13545.0
474,803,Afghan Star,102115,5.0,3671.0,1.0,Zeitgeist Films,7.3,78.0,943,1h 27min,Havana Marking,10304.0
475,804,Cameraperson,102033,7.0,12760.0,1.0,Janus Films,7.4,86.0,2302,1h 42min,Kirsten Johnson,12936.0
476,805,Tower,101987,13.0,,,Kino Lorber,7.9,92.0,7195,1h 22min,Keith Maitland,12955.0
477,806,A Lego Brickumentary,101531,93.0,43285.0,93.0,RADiUS-TWC,6.8,,1856,1h 33min,Kief Davidson,12530.0
478,807,Score,101382,8.0,8088.0,1.0,Gravitas Ventures,7.5,67.0,3819,1h 33min,Matt Schrader,13216.0
479,808,Korengal,101310,11.0,14630.0,1.0,Saboteur Media,6.8,67.0,3646,1h 24min,Sebastian Junger,12103.0
480,809,Freakonomics,101270,20.0,31893.0,20.0,Magnolia Pictures,6.4,,6657,1h 25min,Heidi Ewing,10766.0
481,814,8: The Mormon Proposition,100280,16.0,42566.0,16.0,-,7.0,,1198,1h 20min,Reed Cowan,10661.0
482,817,No Impact Man: The Documentary,100028,8.0,15215.0,2.0,Oscilloscope,6.7,66.0,1492,1h 33min,Laura Gabbert,10381.0
483,820,Under Our Skin,98548,6.0,7043.0,1.0,Shadow Distribution,7.9,63.0,955,1h 44min,Andrew Abrahams,10297.0
484,822,Aileen: Life and Death of a Serial Killer,97362,6.0,16158.0,3.0,Lantern Lane Entertainment,7.1,71.0,6272,1h 33min,Nick Broomfield,8309.0
485,824,Paragraph 175,96630,2.0,25007.0,2.0,New Yorker Films,7.7,85.0,1832,1h 21min,Rob Epstein,7096.0
486,827,Biggie and Tupac,94874,6.0,5728.0,1.0,Roxie Releasing,6.8,63.0,4536,1h 48min,Nick Broomfield,7833.0
487,829,Celsius 41.11: The Temperature at Which the Brain... Begins to Die,93000,116.0,93000.0,116.0,Citizens United,4.3,,1373,1h 12min,Kevin Knoblock,8596.0
488,831,American: The Bill Hicks Story,92234,11.0,5872.0,1.0,Variance Films,7.8,,4740,1h 42min,Matt Harlock,10955.0
489,832,The Brandon Teena Story,92113,2.0,11281.0,1.0,Zeitgeist Films,7.2,,965,1h 29min,Susan Muska,6375.0
490,843,Stranded: I've Come from a Plane That Crashed on the Mountains,89473,7.0,3077.0,1.0,Zeitgeist Films,8.1,82.0,1202,2h 10min,Gonzalo Arijon,10057.0
491,846,Sunshine Superman,88097,21.0,8991.0,3.0,Magnolia Pictures,6.9,70.0,1268,1h 40min,Marah Strauch,12460.0
492,849,Advanced Style,87879,12.0,6500.0,1.0,Bond/360,7.3,66.0,934,1h 12min,Lina Plioplyte,12222.0
493,851,Exporting Raymond,87727,13.0,35292.0,13.0,The Samuel Goldwyn Company,6.9,,1716,1h 26min,Phil Rosenthal,10976.0
494,852,America: Freedom to Fascism,87400,10.0,61200.0,10.0,Cinema Libre Studio,8.0,,2425,1h 35min,Aaron Russo,9240.0
495,855,Kurt Cobain About a Son,87016,6.0,10749.0,2.0,Balcony Releasing,7.4,69.0,3535,1h 36min,AJ Schnack,9672.0
496,856,Marina Abramovic: The Artist Is Present,86637,5.0,11041.0,2.0,Music Box Films,7.9,74.0,5738,1h 46min,Matthew Akers,11387.0
497,859,Author: The JT LeRoy Story,85999,27.0,23413.0,5.0,Magnolia Pictures,7.1,72.0,1056,1h 50min,Jeff Feuerzeig,12936.0
498,861,Tab Hunter Confidential,85812,9.0,9945.0,2.0,The Film Collaborative,7.7,,2925,1h 30min,Jeffrey Schwarz,12607.0
499,865,Visitors,84577,13.0,9094.0,1.0,Cinedigm Entertainment Group,6.1,62.0,988,1h 27min,Godfrey Reggio,11977.0
500,870,12 O'Clock Boys,82614,21.0,44108.0,21.0,Oscilloscope,6.4,68.0,1307,1h 16min,Lotfy Nathan,11984.0
501,875,I Am Divine,81497,10.0,,,The Film Collaborative,7.6,70.0,2374,1h 30min,Jeffrey Schwarz,11872.0
502,877,Earth: One Amazing Day,81345,70.0,45480.0,70.0,BBC Worldwide North America,7.8,,2481,1h 35min,Richard Dale,13328.0
503,878,The Future of Food,81280,5.0,8721.0,2.0,Cinema Libre Studio,7.8,65.0,1378,1h 28min,Deborah Koons,8923.0
504,879,Waking Sleeping Beauty,80741,5.0,33115.0,5.0,Walt Disney Studios Motion Pictures,7.6,70.0,2567,1h 26min,Don Hahn,10577.0
505,881,For the Love of Spock,80141,38.0,,,Gravitas Ventures,7.6,74.0,3742,1h 51min,Adam Nimoy,12936.0
506,882,Searching for the Wrong-Eyed Jesus,79916,6.0,4095.0,1.0,Shadow Distribution,7.7,,1077,1h 22min,Andrew Douglas,8860.0
507,883,More Than Honey,79772,7.0,5225.0,1.0,Kino Lorber,7.6,70.0,3963,1h 35min,Markus Imhoof,11751.0
508,893,The Island President,76398,5.0,13998.0,2.0,The Samuel Goldwyn Company,7.2,72.0,1157,1h 41min,Jon Shenk,11310.0
509,894,Leviathan,76202,5.0,10000.0,1.0,The Cinema Guild,6.6,81.0,3287,1h 27min,Lucien Castaing-Taylor,11648.0
510,898,Whitey: United States of America v. James J. Bulger,75881,9.0,14287.0,3.0,Magnolia Pictures,6.8,71.0,2818,1h 47min,Joe Berlinger,12131.0
511,899,Bill Nye: Science Guy,74909,9.0,7005.0,1.0,PBS Distribution,6.1,73.0,987,1h 41min,David Alvarado,13349.0
512,900,Batkid Begins: The Wish Heard Around the World,74709,14.0,19437.0,4.0,Warner Bros.,6.8,63.0,1561,1h 27min,Dana Nachman,12495.0
513,901,The Nomi Song,74631,3.0,14510.0,2.0,Palm Pictures,7.3,71.0,1016,1h 38min,Andrew Horn,8701.0
514,908,Do Not Resist,72791,8.0,7150.0,1.0,Vanish Films,7.0,69.0,1075,1h 12min,Craig Atkinson,12957.0
515,909,After Tiller,72125,6.0,15500.0,2.0,Oscilloscope,7.4,75.0,1010,1h 25min,Martha Shane,11851.0
516,912,The Invisible War,71968,19.0,16500.0,4.0,Cinedigm Entertainment Group,7.6,75.0,6541,1h 33min,Kirby Dick,11396.0
517,913,Dancer,71917,10.0,7140.0,1.0,IFC Films,7.9,65.0,2596,1h 25min,Steven Cantor,12936.0
518,914,Raiders!: The Story of the Greatest Fan Film Ever Made,71916,27.0,26059.0,24.0,Drafthouse Films,6.9,70.0,2018,1h 46min,Jeremy Coon,12852.0
519,917,Air Guitar Nation,71471,10.0,7035.0,1.0,Shadow Distribution,7.1,72.0,1279,1h 21min,Alexandra Lipsitz,9478.0
520,920,Crossing the Bridge: The Sound of Istanbul,70685,3.0,9161.0,1.0,Strand Releasing,7.9,73.0,6012,1h 30min,Fatih Akin,9191.0
521,921,Crips and Bloods: Made in America,70219,4.0,10537.0,1.0,Argot Pictures,6.9,,2650,1h 33min,Stacy Peralta,10150.0
522,922,The Business of Being Born,69991,3.0,9574.0,1.0,International Film Circuit,7.4,68.0,1300,1h 27min,Abby Epstein,9770.0
523,924,Zoo,69770,5.0,7811.0,1.0,THINKFilm,5.6,63.0,2686,1h 15min,Robinson Devor,9511.0
524,932,Shake Hands with the Devil: The Journey of Roméo Dallaire,68249,4.0,1848.0,1.0,California Newsreel,8.1,80.0,1012,1h 30min,Peter Raymont,8799.0
525,933,Maidentrip,68243,9.0,1622.0,1.0,First Run,7.5,70.0,3656,1h 22min,Jillian Schlesinger,11942.0
526,934,The Silence of Others,67986,6.0,7868.0,1.0,Argot Pictures,8.0,73.0,1426,1h 36min,Robert Bahar,13907.0
527,935,The Pervert's Guide to Ideology,67966,4.0,9165.0,1.0,Zeitgeist Films,7.6,71.0,6136,2h 16min,Sophie Fiennes,11893.0
528,936,I Am Big Bird: The Caroll Spinney Story,67845,17.0,10000.0,1.0,Tribeca Film,7.5,71.0,1407,1h 26min,Dave LaMattina,12444.0
529,938,Happy Valley,67665,7.0,27122.0,7.0,Stone Five Studios,7.1,76.0,1116,1h 38min,Amir Bar-Lev,9849.0
530,1355,Happy Valley,23868,4.0,9047.0,4.0,Music Box Films,7.1,76.0,1116,1h 38min,Amir Bar-Lev,12278.0
531,941,For No Good Reason,67421,21.0,4516.0,2.0,Sony Pictures Classics,7.0,,1385,1h 29min,Charlie Paul,12068.0
532,945,Pandora's Promise,66680,16.0,23419.0,16.0,Abramorama,7.4,,1816,1h 27min,Robert Stone,11751.0
533,958,Let the Fire Burn,64489,9.0,5226.0,1.0,Zeitgeist Films,7.8,86.0,1261,1h 28min,Jason Osder,11863.0
534,959,Rock School,64310,32.0,28136.0,32.0,Picturehouse,6.4,67.0,1000,1h 33min,Don Argott,8820.0
535,964,Drunk Stoned Brilliant Dead,62660,22.0,5254.0,1.0,Magnolia Pictures,7.2,74.0,2065,1h 38min,Douglas Tirola,12586.0
536,967,The Cave,62625,10.0,21185.0,2.0,National Geographic Entertainment,7.5,83.0,2176,1h 47min,Feras Fayyad,14070.0
537,968,Tomorrow,62510,20.0,1480.0,1.0,Under The Milky Way,8.0,71.0,3136,1h 58min,Cyril Dion,13118.0
538,970,Mifune: The Last Samurai,62279,9.0,4296.0,1.0,Strand Releasing,7.2,64.0,933,1h 20min,Steven Okazaki,13013.0
539,972,Public Speaking,62173,2.0,6260.0,1.0,Rialto Pictures,7.6,,1572,1h 24min,Martin Scorsese,10911.0
540,973,Dark Star: HR Gigers Welt,61845,10.0,8349.0,5.0,Icarus Films,7.0,62.0,1027,1h 35min,Belinda Sallin,12453.0
541,974,If a Tree Falls: A Story of the Earth Liberation Front,61794,5.0,5634.0,2.0,Oscilloscope,7.2,65.0,3053,1h 25min,Marshall Curry,11030.0
542,975,War Photographer,61040,1.0,9327.0,1.0,First Run,8.0,79.0,3938,1h 36min,Christian Frei,7740.0
543,990,Roman Polanski: Wanted and Desired,59192,9.0,4613.0,1.0,THINKFilm,7.2,78.0,4799,1h 39min,Marina Zenovich,9954.0
544,991,The Trials of Muhammad Ali,59081,10.0,2980.0,1.0,Kino Lorber,7.3,74.0,1048,1h 26min,Bill Siegel,11823.0
545,993,Maxed Out,58829,6.0,20024.0,6.0,Magnolia Pictures,7.2,65.0,2139,1h 30min,James D. Scurlock,9464.0
546,994,Side by Side,58825,9.0,6956.0,1.0,Tribeca Film,7.6,82.0,12946,1h 39min,Christopher Kenneally,11452.0
547,1004,Beautiful Losers,56386,3.0,10607.0,1.0,Sidetrack Films,7.1,,1310,1h 30min,Aaron Rose,9982.0
548,1008,Terms and Conditions May Apply,55824,6.0,4446.0,1.0,Variance Films,7.3,68.0,5863,1h 19min,Cullen Hoback,11781.0
549,1011,The Lovers & the Despot,55511,13.0,14925.0,8.0,Magnolia Pictures,6.5,65.0,912,1h 38min,Ross Adam,12950.0
550,1023,The Search for General Tso,54275,13.0,9336.0,2.0,IFC Films,6.9,72.0,1643,1h 11min,Ian Cheney,12320.0
551,1024,Surviving Progress,53953,6.0,4161.0,2.0,First Run,7.4,,1758,1h 26min,Mathieu Roy,11319.0
552,1026,The Other F Word,53714,6.0,15792.0,2.0,Oscilloscope,7.3,,1880,1h 38min,Andrea Blaugrund Nevins,11165.0
553,1029,Making Waves: The Art of Cinematic Sound,53144,11.0,12348.0,3.0,Matson Films,7.6,80.0,1015,1h 34min,Midge Costin,14077.0
554,1032,To Be Takei,52823,22.0,22846.0,22.0,Starz Digital Media,6.8,66.0,1458,1h 34min,Jennifer M. Kroot,12187.0
555,1036,The Last Man on the Moon,52482,14.0,30880.0,13.0,Gravitas Ventures,7.4,78.0,3251,1h 35min,Mark Craig,12740.0
556,1037,Cropsey,52476,4.0,6306.0,1.0,Cinema Purgatorio,6.3,73.0,7574,1h 24min,Barbara Brancaccio,10647.0
557,1041,The Human Experience,52296,5.0,27170.0,5.0,Grassroots Films,7.1,,914,1h 30min,Charles Francis Kinnane,10591.0
558,1044,The Missing Picture,52164,9.0,10148.0,5.0,Strand Releasing,7.4,87.0,3032,1h 32min,Rithy Panh,12031.0
559,1045,Screamers,52034,4.0,23609.0,4.0,Maya Entertainment,6.0,,1451,1h 31min,Carla Garapedian,9373.0
560,1047,QT8: The First Eight,51896,459.0,,,Fathom Events,7.3,,2320,1h 43min,Tara Wood,14073.0
561,1050,Tickling Giants,51499,17.0,8159.0,1.0,-,8.3,78.0,1545,1h 51min,Sara Taksler,13125.0
562,1053,God Loves Uganda,51229,5.0,7300.0,1.0,Variance Films,7.4,77.0,1156,1h 23min,Roger Ross Williams,11872.0
563,1069,The Internet's Own Boy: The Story of Aaron Swartz,48911,12.0,21705.0,12.0,-,8.0,72.0,15414,1h 45min,Brian Knappenberger,12131.0
564,1070,The Seven Five,48869,5.0,14785.0,2.0,IFC Films,7.6,69.0,5267,1h 44min,Tiller Russell,12446.0
565,1071,Ghosts of Cité Soleil,48752,3.0,7100.0,1.0,THINKFilm,7.1,64.0,1727,1h 25min,Asger Leth,9574.0
566,1075,The China Hustle,48650,20.0,25791.0,20.0,Magnolia Pictures,7.2,67.0,2505,1h 22min,Jed Rothstein,13503.0
567,1077,Saving Banksy,47965,6.0,1317.0,1.0,Parade Deck Films,6.8,73.0,1012,1h 20min,Colin M. Day,13062.0
568,1080,Terror's Advocate,47724,4.0,11197.0,3.0,Magnolia Pictures,7.2,75.0,1476,2h 15min,Barbet Schroeder,9681.0
569,1082,GMO OMG,47558,9.0,15100.0,1.0,Submarine Deluxe,6.5,,1415,1h 30min,Jeremy Seifert,11844.0
570,1086,The Goebbels Experiment,47211,2.0,6769.0,1.0,First Run,7.3,67.0,942,1h 48min,Lutz Hachmeister,8890.0
571,1087,Collapse,46964,5.0,7800.0,1.0,Vitagraph Films,7.7,71.0,6623,1h 22min,Chris Smith,10437.0
572,1093,William S. Burroughs: A Man Within,46380,4.0,6510.0,1.0,Oscilloscope,7.2,63.0,1039,1h 27min,Yony Leyser,10813.0
573,1118,For Sama,43796,4.0,9350.0,3.0,PBS Distribution,8.5,89.0,7763,1h 40min,Waad Al-Kateab,13986.0
574,1120,A Grin Without A Cat,43616,1.0,8449.0,1.0,Icarus Films,8.0,81.0,914,4h,Chris Marker,7691.0
575,1125,Next Goal Wins,43089,10.0,2568.0,5.0,Ketchup Entertainment,7.9,71.0,2338,1h 37min,Mike Brett,12068.0
576,1129,Midnight Family,42310,13.0,3030.0,1.0,1091 Media,7.4,81.0,1109,1h 21min,Luke Lorentzen,14119.0
577,1131,The Pearl Button,42166,5.0,,,Kino Lorber,7.6,80.0,2284,1h 22min,Patricio Guzmán,12614.0
578,1134,We Live in Public,41711,2.0,7325.0,1.0,Abramorama,7.2,69.0,1804,1h 31min,Ondi Timoner,10367.0
579,1136,A State of Mind,41468,5.0,5515.0,1.0,Kino International,7.7,63.0,1002,1h 33min,Daniel Gordon,8888.0
580,1138,Nowitzki: The Perfect Shot,41340,4.0,20049.0,4.0,Magnolia Pictures,7.6,,1887,1h 45min,Sebastian Dehnhardt,12509.0
581,1147,Hell and Back Again,40634,4.0,3413.0,1.0,-,6.5,81.0,2190,1h 28min,Danfung Dennis,11135.0
582,1150,My Flesh and Blood,40573,7.0,18763.0,7.0,Strand Releasing,8.2,78.0,1693,1h 23min,Jonathan Karsh,8267.0
583,1155,What Our Fathers Did: A Nazi Legacy,40119,14.0,8132.0,2.0,Oscilloscope,7.0,69.0,1083,1h 36min,David Evans,12628.0
584,1157,Unrest,40081,8.0,10607.0,1.0,-,7.7,80.0,2429,1h 38min,Jennifer Brea,13314.0
585,1160,The Short Game,39819,20.0,28434.0,17.0,The Samuel Goldwyn Company,7.4,,1329,1h 39min,Josh Greenbaum,11851.0
586,1165,Prophet's Prey,39347,9.0,5000.0,1.0,-,7.3,77.0,1425,1h 30min,Amy Berg,12579.0
587,1167,How to Make Money Selling Drugs,39192,5.0,9202.0,5.0,Tribeca Film,7.6,69.0,6597,1h 36min,Matthew Cooke,11765.0
588,1187,78/52: Hitchcock's Shower Scene,37664,22.0,3738.0,1.0,IFC Films,7.3,74.0,3030,1h 31min,Alexandre O. Philippe,13335.0
589,1191,Grey Gardens,36923,1.0,13845.0,1.0,Janus Films,7.6,82.0,11941,1h 35min,Ellen Hovde,12383.0
590,1197,Mansome,36280,20.0,18395.0,20.0,Paladin,5.4,,2813,1h 22min,Morgan Spurlock,11361.0
591,1198,Welcome to Leith,36010,5.0,3707.0,1.0,First Run,7.0,78.0,3834,1h 25min,Michael Beach Nichols,12570.0
592,1202,The Year of the Yao,35591,12.0,27823.0,12.0,Fine Line Features,7.3,62.0,1087,1h 28min,Adam Del Deo,8771.0
593,1203,Finders Keepers,35555,32.0,5740.0,5.0,The Orchard,6.8,80.0,2400,1h 22min,Bryan Carberry,12586.0
594,1208,A Decade Under the Influence,34837,3.0,2320.0,1.0,IFC Films,7.6,67.0,2497,2h 18min,Ted Demme,8050.0
595,1210,Comic-Con Episode IV: A Fan's Hope,34665,6.0,8203.0,3.0,-,7.0,64.0,2710,1h 28min,Morgan Spurlock,11319.0
596,1217,The Autobiography of Nicolae Ceausescu,34023,3.0,4644.0,1.0,The Film Desk,7.7,87.0,1347,3h,Andrei Ujica,11109.0
597,1232,Of Time and the City,32677,2.0,5595.0,1.0,Strand Releasing,7.3,81.0,1896,1h 14min,Terence Davies,10148.0
598,1238,Living in Emergency,32208,7.0,21905.0,7.0,Truly Indie,8.0,76.0,1025,2h,Mark N. Hopkins,10647.0
599,1245,180° South,31745,4.0,10269.0,4.0,Magnolia Pictures,7.6,,2867,1h 25min,Chris Malloy,10633.0
600,1250,Whores' Glory,31420,3.0,5358.0,3.0,Kino Lorber,7.2,73.0,4613,1h 50min,Michael Glawogger,11340.0
601,1252,Memory: The Origins of Alien,31378,19.0,14704.0,19.0,Screen Media Films,6.7,70.0,1976,1h 35min,Alexandre O. Philippe,14056.0
602,1256,Who Is Harry Nilsson (And Why Is Everybody Talkin' About Him?),30975,3.0,6078.0,1.0,Lorber Films,7.6,68.0,1420,1h 56min,John Scheinfeld,10745.0
603,1257,Patti Smith: Dream of Life,30918,1.0,9993.0,1.0,Palm Pictures,7.1,66.0,959,1h 49min,Steven Sebring,9980.0
604,1258,GasLand,30846,2.0,2641.0,1.0,-,7.7,,10156,1h 47min,Josh Fox,10750.0
605,1263,Dealt,30414,10.0,4293.0,1.0,IFC Films,7.6,66.0,1576,1h 25min,Luke Korem,13342.0
606,1265,"3 1/2 Minutes, 10 Bullets",30407,8.0,2238.0,1.0,Participant,7.2,76.0,1699,1h 38min,Marc Silver,12488.0
607,1266,The Take,30380,1.0,8625.0,1.0,Icarus Films,7.7,66.0,1144,1h 27min,Avi Lewis,8566.0
608,1289,You've Been Trumped,29273,5.0,4497.0,1.0,International Film Circuit,7.5,,2150,1h 19min,Anthony Baxter,11438.0
609,1295,Hitler's Children,28663,3.0,2939.0,1.0,Film Movement,7.4,69.0,1156,59min,Chanoch Ze'evi,11543.0
610,1302,The Nightmare,28281,16.0,13363.0,16.0,Gravitas Ventures,5.8,68.0,6377,1h 31min,Rodney Ascher,12474.0
611,1304,The Ambassador,28102,8.0,13046.0,4.0,Drafthouse Films,7.3,67.0,3833,1h 37min,Mads Brügger,11464.0
612,1332,Elena,25788,2.0,10341.0,1.0,Variance Films,7.6,81.0,1653,1h 20min,Petra Costa,12103.0
613,1335,Kate Plays Christine,25564,3.0,6175.0,1.0,Grasshopper Film,6.2,75.0,924,1h 52min,Robert Greene,12922.0
614,1337,Lake of Fire,25317,9.0,2559.0,1.0,THINKFilm,8.2,83.0,2447,2h 32min,Tony Kaye,9672.0
615,1352,Shut Up Little Man! An Audio Misadventure,23901,8.0,,,Tribeca Film,6.6,,1174,1h 30min,Matthew Bate,11095.0
616,1353,Dear Mr. Watterson,23899,9.0,6199.0,5.0,Submarine Deluxe,6.4,,1768,1h 29min,Joel Allen Schroeder,11907.0
617,1357,Videocracy,23720,1.0,8324.0,1.0,Kino International,6.5,,1800,1h 25min,Erik Gandini,10535.0
618,1368,Video Games: The Movie,23043,25.0,12759.0,25.0,Variance Films,6.1,,5322,1h 41min,Jeremy Snead,12152.0
619,1370,My Scientology Movie,22936,6.0,11180.0,2.0,Magnolia Pictures,6.7,62.0,11831,1h 39min,John Dower,13118.0
620,1377,Be Here Now,22424,11.0,13577.0,11.0,Tugg,8.6,,3172,1h 40min,Lilibet Foster,12782.0
621,1378,Fuck,22359,5.0,5299.0,2.0,THINKFilm,7.0,,4164,1h 33min,Steve Anderson,9345.0
622,1379,The Atomic Cafe,22293,5.0,4098.0,1.0,Kino Lorber,7.6,,3868,1h 26min,Jayne Loader,13627.0
623,1382,And Everything Is Going Fine,22080,2.0,7035.0,1.0,IFC Films,7.1,76.0,1081,1h 29min,Steven Soderbergh,10836.0
624,1389,The Arbor,21620,3.0,2638.0,1.0,Strand Releasing,7.3,88.0,1770,1h 34min,Clio Barnard,10974.0
625,1398,Resurrect Dead: The Mystery of the Toynbee Tiles,21242,1.0,3054.0,1.0,Argot Pictures,7.3,,2073,1h 26min,Jon Foy,11102.0
626,1399,Girl Model,21154,5.0,4898.0,1.0,First Run,6.5,68.0,2153,1h 18min,David Redmon,11471.0
627,1400,"Not Quite Hollywood: The Wild, Untold Story of Ozploitation!",21152,6.0,4694.0,2.0,Magnolia Pictures,7.7,76.0,3929,1h 43min,Mark Hartley,10339.0
628,1405,Cameraman: The Life and Work of Jack Cardiff,20840,3.0,1998.0,1.0,Strand Releasing,7.7,71.0,1152,1h 26min,Craig McCall,10990.0
629,1415,The Devil and Father Amorth,20449,8.0,7814.0,8.0,The Orchard,4.6,,1870,1h 8min,William Friedkin,13524.0
630,1417,Orwell Rolls in His Grave,20389,3.0,6059.0,1.0,-,8.0,,1097,1h 24min,Robert Kane Pappas,8505.0
631,1422,Zizek!,20177,1.0,7062.0,1.0,Zeitgeist Films,7.3,,1555,1h 11min,Astra Taylor,8988.0
632,1423,Shoah,20175,1.0,2874.0,1.0,IFC Films,8.6,99.0,8281,9h 26min,Claude Lanzmann,10836.0
633,1435,Active Measures,19862,2.0,9509.0,2.0,-,7.9,68.0,7388,1h 49min,Jack Bryan,13657.0
634,1439,Misery Loves Comedy,19634,8.0,5300.0,1.0,Tribeca Film,6.3,,1085,1h 34min,Kevin Pollak,12432.0
635,1450,The Kill Team,18983,2.0,,,Oscilloscope,7.0,72.0,1169,1h 19min,Dan Krauss,12159.0
636,1467,Dear Zachary: A Letter to a Son About His Father,18334,3.0,2886.0,1.0,Oscilloscope,8.5,82.0,32511,1h 35min,Kurt Kuenne,10066.0
637,1473,Casting By,18164,2.0,5649.0,2.0,Submarine Deluxe,7.6,70.0,1435,1h 29min,Tom Donahue,11893.0
638,1476,Holy Hell,18051,3.0,9238.0,3.0,WRA Productions,7.0,64.0,5041,1h 40min,Will Allen,12831.0
639,1485,The Last Shaman,17844,4.0,6799.0,1.0,Abramorama,6.7,,1157,1h 17min,Raz Degan,13181.0
640,1505,Who Took Johnny,16595,2.0,7666.0,1.0,Rumur Releasing,7.2,,2554,1h 21min,David Beilinson,12432.0
641,1510,Genesis,16413,1.0,4891.0,1.0,THINKFilm,7.1,74.0,1393,1h 21min,Claude Nuridsany,8813.0
642,1511,Mission Control: The Unsung Heroes of Apollo,16405,15.0,,,-,7.6,71.0,1235,1h 41min,David Fairhead,13153.0
643,1515,Faster,16265,1.0,13995.0,1.0,-,7.8,,1308,1h 43min,Mark Neale,8414.0
644,1516,I Like Killing Flies,16214,2.0,5487.0,1.0,THINKFilm,7.3,71.0,1146,1h 20min,Matt Mahurin,9240.0
645,1535,Full Tilt Boogie,15313,6.0,9895.0,6.0,Miramax,6.6,,2591,1h 37min,Sarah Kelly,6321.0
646,1544,Wrinkles the Clown,14938,21.0,28248.0,21.0,Magnolia Pictures,4.8,,950,1h 18min,Michael Beach Nichols,14056.0
647,1546,ZZ Top: That Little Ol' Band from Texas,14879,8.0,,,Abramorama,7.5,64.0,1063,1h 31min,Sam Dunn,14010.0
648,1549,The Farthest,14773,2.0,6900.0,2.0,Abramorama,8.1,87.0,3748,2h 1min,Emer Reynolds,13272.0
649,1550,Last Men in Aleppo,14637,5.0,1505.0,1.0,Grasshopper Film,7.4,80.0,2580,1h 23min,Feras Fayyad,13174.0
650,1552,Armadillo,14566,1.0,3958.0,1.0,Lorber Films,7.5,72.0,9216,1h 45min,Janus Metz,10962.0
651,1558,The Two Escobars,14457,1.0,,,All Rise Films,8.2,,1746,1h 44min,Jeff Zimbalist,10731.0
652,1559,The Unbelievers,14400,1.0,5925.0,1.0,-,6.9,,6422,1h 17min,Gus Holwerda,11921.0
653,1565,Newtown,14109,3.0,6796.0,2.0,Abramorama,6.8,87.0,1621,1h 25min,Kim A. Snyder,12964.0
654,1567,Screwball,13967,13.0,8595.0,13.0,Greenwich Entertainment,7.1,72.0,1129,1h 45min,Billy Corben,13867.0
655,1573,Who the #$&% Is Jackson Pollock?,13710,2.0,5526.0,2.0,Picturehouse,7.0,70.0,1175,1h 14min,Harry Morgan Moses,9350.0
656,1584,Red Obsession,13199,3.0,5060.0,2.0,Area 23a,6.7,68.0,1224,1h 15min,David Roach,11837.0
657,1590,K2: Siren of the Himalayas,12959,2.0,1421.0,2.0,First Run,7.2,63.0,927,1h 15min,Dave Ohlson,12187.0
658,1593,Children Underground,12798,1.0,3075.0,1.0,Cinemax,8.3,85.0,2190,1h 44min,Edet Belzberg,7467.0
659,1595,Heal,12668,1.0,12668.0,1.0,Paladin,6.9,,1887,1h 46min,Kelly Noonan,13342.0
660,1598,Of Fathers and Sons,12579,6.0,340.0,1.0,Kino Lorber,7.3,70.0,2075,1h 39min,Talal Derki,13734.0
661,1608,Elstree 1976,12173,14.0,3270.0,14.0,FilmRise,5.9,66.0,1307,1h 37min,Jon Spira,12810.0
662,1612,The Most Unknown,12119,2.0,2905.0,1.0,Abramorama,6.6,,1596,1h 32min,Ian Cheney,13552.0
663,1616,A Murder in the Park,12088,3.0,1310.0,1.0,IFC Films,7.3,70.0,1081,1h 31min,Shawn Rech,12495.0
664,1619,Defamation,12038,4.0,4725.0,4.0,First Run,7.4,,1318,1h 31min,Yoav Shamir,10451.0
665,1622,Minding the Gap,11998,5.0,6812.0,4.0,Magnolia Pictures,8.1,90.0,7388,1h 33min,Bing Liu,13643.0
666,1635,My Voyage to Italy,11683,1.0,7117.0,1.0,Miramax,8.2,90.0,2992,4h 6min,Martin Scorsese,7502.0
667,1644,The Final Member,11428,10.0,2064.0,7.0,Drafthouse Films,6.5,67.0,1110,1h 15min,Jonah Bekhor,12061.0
668,1679,Liv & Ingmar,10347,2.0,5451.0,2.0,Janus Films,7.4,74.0,1563,1h 29min,Dheeraj Akolkar,11935.0
669,1683,The Endless Summer,10233,32.0,,,Monterey Media,7.7,,5046,1h 35min,Bruce Brown,12157.0
670,1684,The Forecaster,10172,1.0,,,-,6.7,,1143,1h 40min,Marcus Vetter,12404.0
671,1688,The Sunshine Makers,10042,7.0,1874.0,1.0,FilmRise,7.0,68.0,1248,1h 41min,Cosmo Feilding-Mellen,13069.0
672,1693,Streetwise,9904,1.0,5006.0,1.0,Janus Films,8.2,,1645,1h 31min,Martin Bell,13979.0
673,1695,Birth of the Living Dead,9802,10.0,1239.0,6.0,First Run,7.0,65.0,1542,1h 16min,Rob Kuhns,11879.0
674,1726,Survivors Guide To Prison,8982,4.0,8982.0,4.0,Gravitas Ventures,7.1,66.0,995,1h 42min,Matthew Cooke,13468.0
675,1727,Magnus,8944,6.0,1204.0,1.0,FilmRise,7.1,,1823,1h 18min,Benjamin Ree,13006.0
676,1739,The Institute,8445,4.0,3017.0,2.0,Argot Pictures,6.2,,1164,1h 32min,Spencer McCall,11865.0
677,1742,Dreams of a Life,8405,1.0,3085.0,1.0,Strand Releasing,6.8,62.0,2938,1h 35min,Carol Morley,11438.0
678,1743,Downloaded,8377,2.0,2504.0,2.0,Abramorama,6.9,,2656,1h 46min,Alex Winter,11760.0
679,1750,We Are Twisted Fucking Sister!,8277,8.0,5804.0,6.0,Music Box Films,7.1,65.0,1578,2h 15min,Andrew Horn,12733.0
680,1751,Silicon Cowboys,8239,12.0,5724.0,12.0,FilmRise,6.8,75.0,1861,1h 17min,Jason Cohen,12943.0
681,1758,The Other Side,8074,1.0,1246.0,1.0,Film Movement,6.7,65.0,1053,1h 32min,Roberto Minervini,12824.0
682,1776,Last Days Here,7643,1.0,2671.0,1.0,IFC Films,7.5,71.0,1746,1h 31min,Don Argott,11284.0
683,1778,Tales from the Script,7535,1.0,1938.0,1.0,First Run,7.1,,1430,1h 45min,Peter Hanson,10563.0
684,1781,loudQUIETloud: A Film About the Pixies,7506,3.0,3792.0,3.0,Roxie Releasing,7.2,63.0,1299,1h 25min,Steven Cantor,9303.0
685,1784,On the Way to School,7424,2.0,,,Distrib Films,7.4,,2278,1h 21min,Özgür Dogan,12355.0
686,1784,On the Way to School,7424,2.0,,,Distrib Films,7.4,,1097,1h 17min,Pascal Plisson,12355.0
687,1785,Rubble Kings,7416,3.0,,,Saboteur Media,7.1,62.0,1055,1h 11min,Shan Nicholson,12488.0
688,1793,I Am Ali,7205,11.0,4178.0,11.0,Focus World,7.2,,3458,1h 51min,Clare Lewins,12236.0
689,1801,Corman's World: Exploits of a Hollywood Rebel,7000,2.0,7000.0,2.0,Anchor Bay Films,7.5,,2252,1h 35min,Alex Stapleton,11207.0
690,1804,"Love, Marilyn",6950,1.0,4000.0,1.0,Submarine Deluxe,7.3,,1661,1h 47min,Liz Garbus,11557.0
691,1805,Los Angeles Plays Itself,6945,1.0,5005.0,1.0,-,8.0,86.0,2139,2h 49min,Thom Andersen,8510.0
692,1811,Steve McQueen: The Man & Le Mans,6843,2.0,4079.0,2.0,FilmRise,6.8,64.0,1380,1h 42min,Gabriel Clarke,12635.0
693,1830,The Red Chapel,6196,2.0,2459.0,1.0,Lorber Films,7.3,,1780,1h 28min,Mads Brügger,10855.0
694,1841,The Work,5853,2.0,3286.0,2.0,The Orchard,7.8,84.0,1979,1h 29min,Jairus McLeary,13349.0
695,1854,American Grindhouse,5529,2.0,,,Lorber Films,7.1,,2198,1h 20min,Elijah Drenner,10661.0
696,1878,Street Fight,4779,2.0,3888.0,2.0,Frontier Films,7.9,85.0,1892,1h 23min,Marshall Curry,9084.0
697,1896,Generation Iron 2,4439,2.0,,2.0,-,6.1,,2240,1h 46min,Vlad Yudin,13181.0
698,1903,McLibel,4337,3.0,1821.0,1.0,Cinema Libre Studio,7.2,81.0,2057,1h 25min,Ken Loach,8827.0
699,1911,Heavy Metal in Baghdad,4070,2.0,2012.0,2.0,Arts Alliance America,7.7,,1077,1h 24min,Suroosh Alvi,9905.0
700,1914,Dream Boat,3981,1.0,2199.0,1.0,Strand Releasing,5.3,,1542,1h 32min,Tristan Ferland Milewski,13356.0
701,1926,In the Basement,3643,1.0,748.0,1.0,Strand Releasing,6.7,68.0,2390,1h 21min,Ulrich Seidl,12628.0
702,1927,Stop The Pounding Heart,3642,1.0,2363.0,1.0,Big World Pictures,6.7,70.0,927,1h 38min,Roberto Minervini,12215.0
703,1934,Revolution OS,3500,1.0,3500.0,1.0,Seventh Art Releasing,7.3,,2372,1h 25min,J.T.S. Moore,7805.0
704,1934,That Sugar Film,3500,10.0,3500.0,10.0,The Samuel Goldwyn Company,7.5,,9098,1h 30min,Damon Gameau,12530.0
705,1937,The Hacker Wars,3470,1.0,2958.0,1.0,Vitagraph Films,6.5,,931,1h 31min,Vivien Lesnik Weisman,12243.0
706,1948,Plastic Planet,3164,2.0,740.0,1.0,First Run,7.3,,1165,1h 35min,Werner Boote,10871.0
707,1953,Showrunners: The Art of Running a TV Show,3100,1.0,3100.0,1.0,Submarine Deluxe,6.7,68.0,1125,1h 30min,Des Doyle,12257.0
708,1956,Drew: The Man Behind the Poster,3078,1.0,1764.0,1.0,Kino Lorber,7.5,,921,1h 37min,Erik Sharkey,11814.0
709,1972,Knuckle,2647,3.0,2647.0,3.0,Vitagraph Films,6.8,65.0,2693,1h 37min,Ian Palmer,11200.0
710,1986,You're Gonna Miss Me,2324,1.0,1340.0,1.0,Palm Pictures,7.6,64.0,988,1h 31min,Keven McAlester,9555.0
711,1991,Workingman's Death,2214,2.0,2214.0,2.0,Seventh Art Releasing,8.0,67.0,1647,2h 2min,Michael Glawogger,9086.0
712,1998,"Accidental Courtesy: Daryl Davis, Race & America",1940,1.0,1452.0,1.0,First Run,7.7,63.0,1019,1h 36min,Matthew Ornstein,13055.0
713,2027,Jason Becker: Not Dead Yet,1294,2.0,319.0,2.0,Kino Lorber,8.1,70.0,1138,1h 27min,Jesse Vile,11569.0
714,2030,The Trials of Darryl Hunt,1217,2.0,619.0,2.0,THINKFilm,7.5,,996,1h 46min,Ricki Stern,9562.0
