,Title,User Rating,Metacritic,Number of Votes,Running Time,Release Date,Director
0,The Social Dilemma,7.8,78,"29,408",1h 34min,9 September 2020 (USA),Jeff Orlowski
1,The Vow,7.6,N/A,770,N/A,TV Series (2020– ),Anthony Ames
2,RBG,7.6,71,"11,256",1h 38min,26 July 2018 (Australia),Julie Cohen
3,Challenger: The Final Flight,8.0,N/A,"2,367",2h 59min,TV Mini-Series (2020),Steven Leckart
4,Kiss the Ground,8.3,N/A,"1,485",1h 24min,April 2020 (USA),Joshua Tickell
5,The Last Dance,9.2,N/A,"67,494",8h 11min,TV Mini-Series (2020),Phil Jackson
6,All or Nothing: Tottenham Hotspur,8.3,N/A,"2,351",N/A,TV Series (2020– ),Tom Hardy
7,Agents of Chaos,6.5,N/A,284,N/A,TV Mini-Series (2020– ),Andrew Weissmann
8,Cosmos: Possible Worlds,9.2,N/A,"3,396",45min,TV Mini-Series (2020– ),Neil deGrasse Tyson
9,The Playbook,7.4,N/A,284,N/A,TV Series (2020),Jill Ellis
10,Tiger King,7.6,N/A,"61,154",5h 17min,TV Mini-Series (2020),John Reinke
11,Love Fraud,6.2,N/A,322,3h 20min,TV Mini-Series (2020),Jason Herrell
12,Class Action Park,7.0,69,"1,892",1h 30min,27 August 2020 (USA),Seth Porges
13,A Wilderness of Error,6.6,N/A,76,N/A,TV Mini-Series (2020– ),Clay Boulware
14,Planet Earth II,9.5,N/A,"92,027",4h 58min,TV Mini-Series (2016),David Attenborough
15,All In: The Fight for Democracy,5.7,78,675,1h 42min,18 September 2020 (USA),Lisa Cortes
16,Cosmos: A Spacetime Odyssey,9.3,N/A,"108,063",9h 17min,TV Mini-Series (2014),Neil deGrasse Tyson
17,Alone,8.4,N/A,"2,924",44min,TV Series (2015– ),Nicole Apelian
18,I'll Be Gone in the Dark,7.4,N/A,"3,550",5h 53min,TV Mini-Series (2020),Patton Oswalt
19,Hot Girls Wanted,6.1,N/A,"15,528",1h 24min,29 May 2015 (USA),Jill Bauer
20,The Curse of Oak Island,7.1,N/A,"3,977",1h,TV Series (2014– ),Kevin Burns
21,The Great Hack,7.0,N/A,"18,751",1h 54min,24 July 2019 (USA),Karim Amer
22,Ancient Aliens,7.3,N/A,"9,203",42min,TV Series (2009– ),Robert Clotworthy
23,Ghost Adventures,7.5,N/A,"7,902",45min,TV Series (2008– ),Zak Bagans
24,Roman Empire,6.9,N/A,"5,252",48min,TV Series (2016– ),Aaron Irvin
25,Unsolved Mysteries,7.4,N/A,"5,319",45min,TV Series (2020– ),Pistol Black
26,The Chef Show,8.2,N/A,"3,614",30min,TV Series (2019– ),Jon Favreau
27,Console Wars,7.0,N/A,287,1h 32min,23 September 2020 (USA),Blake J. Harris
28,Jodorowsky's Dune,8.1,79,"21,321",1h 30min,16 March 2016 (France),Frank Pavich
29,Nathan for You,8.8,N/A,"17,805",30min,TV Series (2013–2017),Nathan Fielder
30,Uncle Tom,9.4,N/A,"3,763",1h 46min,19 June 2020 (USA),Justin Malone
31,Don't F**k with Cats: Hunting an Internet Killer,8.1,N/A,"32,799",3h 7min,TV Mini-Series (2019),Deanna Thompson
32,The Bradshaw Bunch,5.4,N/A,44,30min,TV Series (2020– ),Lacey Bradshaw
33,Free Solo,8.2,83,"51,379",1h 40min,13 December 2018 (New Zealand),Jimmy Chin
34,Down to Earth with Zac Efron,8.1,N/A,"4,305",N/A,TV Mini-Series (2020– ),Zac Efron
35,Our Planet,9.3,N/A,"28,872",6h 43min,TV Mini-Series (2019),David Attenborough
36,No Small Parts,7.9,N/A,780,30min,TV Series (2014– ),Brandon Hardesty
37,David Byrne's American Utopia,8.0,92,27,1h 45min,17 October 2020 (USA),Spike Lee
38,Cheer,8.2,N/A,"3,714",58min,TV Series (2020– ),Monica Aldama
39,Grant,8.4,N/A,"1,071",N/A,TV Mini-Series (2020),Justin Salinger
40,David Attenborough: A Life on Our Planet,8.9,N/A,122,1h 23min,4 October 2020 (USA),Alastair Fothergill
41,Robin's Wish,7.5,78,475,1h 17min,1 September 2020 (USA),Tylor Norwood
42,Making a Murderer,8.6,N/A,"84,648",1h,TV Series (2015– ),Dolores Avery
43,Feels Good Man,7.5,79,975,1h 32min,28 August 2020 (USA),Arthur Jones
44,Hope Frozen,6.8,N/A,214,1h 15min,15 September 2020 (USA),Pailin Wedel
45,The Way I See It,6.9,67,69,1h 40min,18 September 2020 (USA),Dawn Porter
46,Jeffrey Epstein: Filthy Rich,7.1,N/A,"14,490",3h 46min,TV Mini-Series (2020),Michael Reiter
47,Inside Look: The People v. O.J. Simpson - American Crime Story,8.4,N/A,"22,263",5min,TV Series (2016),Sarah Paulson
48,Chef's Table,8.6,N/A,"12,886",50min,TV Series (2015– ),Dan Barber
49,Chef's Table: BBQ,7.8,N/A,467,N/A,TV Series (2020– ),David Gelb
50,MeatEater,7.8,N/A,955,21min,TV Series (2012– ),Steven Rinella
51,Unfit: The Psychology of Donald Trump,6.8,N/A,531,1h 23min,28 August 2020 (USA),Dan Partland
52,The Fight,5.2,73,356,1h 36min,4 April 2020 (USA),Eli B. Despres
53,My Brother Jordan,8.8,N/A,314,1h 3min,19 August 2020 (USA),Justin Robinson
54,Inside Look: The Assassination of Gianni Versace - American Crime Story,7.7,N/A,"6,968",3min,TV Series (2017–2018),Darren Criss
55,MythBusters,8.3,N/A,"49,832",44min,TV Series (2003– ),Peter Rees
56,American Murder: The Family Next Door,7.4,67,"1,017",1h 22min,30 September 2020 (USA),Jenny Popplewell
57,Tread,7.1,66,"1,377",1h 29min,28 February 2020 (USA),Paul Solet
58,Playmate Playback,6.8,N/A,35,30min,TV Series (2015–2017),Amanda Cerny
59,Three Identical Strangers,7.7,81,"24,324",1h 36min,30 November 2018 (UK),Tim Wardle
60,Deadliest Catch,7.8,N/A,"7,625",55min,TV Series (2005– ),Mike Rowe
61,13th,8.3,83,"30,193",1h 40min,7 October 2016 (USA),Ava DuVernay
62,After Porn Ends 3,5.4,N/A,"1,378",1h 26min,30 October 2018 (USA),Brittany Andrews
63,Taco Chronicles,7.8,N/A,551,N/A,TV Series (2019– ),Gustavo Arellano
64,The Cave,7.5,83,"2,171",1h 47min,18 October 2019 (USA),Feras Fayyad
65,Forensic Files,8.8,N/A,"4,467",30min,TV Series (1996–2011),Paul Dowling
66,The Last Narc,8.7,N/A,"1,064",N/A,TV Mini-Series (2020– ),Hector Berrellez
67,Boys State,7.7,84,"1,715",1h 49min,14 August 2020 (USA),Amanda McBaine
68,Rebuilding Paradise,7.3,70,95,1h 30min,8 September 2020 (USA),Ron Howard
69,Life Below Zero,8.0,N/A,"1,485",44min,TV Series (2013– ),James Franzo
70,Trump Card,N/A,N/A,N/A,N/A,6 October 2020 (USA),Dinesh D'Souza
71,Fahrenheit 11/9,7.0,69,"16,993",2h 8min,21 September 2018 (USA),Michael Moore
72,Fear City: New York vs the Mafia,7.1,N/A,"4,428",N/A,TV Mini-Series (2020),N/A
73,Wild Wild Country,8.2,N/A,"22,868",6h 43min,TV Mini-Series (2018),Ma Anand Sheela
74,Jackass: The Movie,6.6,N/A,"80,536",1h 27min,25 October 2002 (USA),Jeff Tremaine
75,Lore,6.7,N/A,"4,459",40min,TV Series (2017–2018),Aaron Mahnke
76,Apollo 11,8.2,88,"20,341",1h 33min,1 March 2019 (Canada),Todd Douglas Miller
77,Outcry,8.4,N/A,902,N/A,TV Mini-Series (2020),Greg Kelley
78,The Dissident,8.5,85,"2,313",1h 59min,24 January 2020 (USA),Bryan Fogel
79,Fantasy Flirt,6.8,N/A,30,25min,TV Series (2017–2018),Elle Georgia
80,The Jinx: The Life and Deaths of Robert Durst,8.7,N/A,"38,015",4h 39min,TV Mini-Series (2015),Robert Durst
81,Icarus,7.9,68,"37,269",2h,4 August 2017 (USA),Bryan Fogel
82,Koyaanisqatsi,8.3,72,"34,612",1h 26min,24 August 1983 (France),Godfrey Reggio
83,The Game Changers,7.9,N/A,"14,815",1h 26min,16 September 2019 (USA),Louie Psihoyos
84,For Sama,8.5,89,"7,754",1h 40min,26 July 2019 (USA),Waad Al-Kateab
85,Dirty Money,8.1,N/A,"7,447",1h,TV Series (2018– ),Matt Taibbi
86,The Last Czars,7.3,N/A,"5,561",45min,TV Mini-Series (2019– ),Robert Jack
87,Dateline NBC,6.9,N/A,"2,006",1h,TV Series (1992– ),Lester Holt
88,Cosmos,9.3,N/A,"35,623",1h,TV Series (1980),Ann Druyan
89,Inside Job,8.2,88,"68,523",1h 49min,12 November 2010 (USA),Charles Ferguson
90,Becoming,6.8,N/A,11,24min,TV Series (2020– ),Colbie Caillat
91,Hot Girls Wanted: Turned On,6.7,N/A,"1,858",46min,TV Series (2017– ),James Rhine
92,"Bloody Nose, Empty Pockets",7.0,82,234,1h 38min,10 July 2020 (USA),Bill Ross IV
93,The Secret,5.6,N/A,"12,080",1h 30min,Video 13 September 2007,Drew Heriot
94,Unsolved Mysteries,8.3,N/A,"4,524",1h,TV Series (1987–2010),John Cosgrove
95,Catfish,7.1,65,"40,541",1h 27min,1 October 2010 (USA),Henry Joost
96,90 Day Fiancé: Before the 90 Days,6.7,N/A,583,42min,TV Series (2017– ),Darcey Silva
97,McMillions,7.2,N/A,"5,085",5h 44min,TV Mini-Series (2020),Chris Graham
98,American Factory,7.4,86,"16,206",1h 50min,21 August 2019 (USA),Steven Bognar
99,Citizenfour,8.0,88,"51,532",1h 54min,28 November 2014 (USA),Laura Poitras
100,Dear Zachary: A Letter to a Son About His Father,8.5,82,"32,499",1h 35min,January 2008 (USA),Kurt Kuenne
101,Samsara,8.5,65,"32,632",1h 42min,23 August 2012 (Germany),Ron Fricke
102,American Pickers,7.0,N/A,"6,768",1h,TV Series (2010– ),Mike Wolfe
103,Baraka,8.6,N/A,"35,633",1h 36min,19 November 1993 (USA),Ron Fricke
104,Unacknowledged,7.0,N/A,"6,721",1h 40min,9 May 2017 (USA),Michael Mazzola
105,Abducted in Plain Sight,6.8,N/A,"14,465",1h 31min,15 January 2019 (USA),Skye Borgman
106,Last Chance U,8.5,N/A,"5,809",55min,TV Series (2016–2020),Ron Ollie
107,Faces of Death,4.2,N/A,"6,063",1h 45min,10 November 1978 (USA),John Alan Schwartz
108,How the Universe Works,8.9,N/A,"5,505",1h,TV Series (2010– ),Phil Plait
109,Grizzly Man,7.8,87,"52,169",1h 43min,27 October 2005 (Portugal),Werner Herzog
110,Minimalism: A Documentary About the Important Things,6.7,N/A,"12,871",1h 18min,2016 (USA),Matt D'Avella
111,(Un)Well,6.3,N/A,603,N/A,TV Series (2020– ),N/A
112,Playboy Video Centerfold: Playmate of the Year Lisa Matthews,6.3,N/A,143,45min,Video 1991,Skott Snider
113,What the #$*! Do We (K)now!?,5.3,N/A,"13,142",1h 49min,22 October 2004 (USA),William Arntz
114,Won't You Be My Neighbor?,8.4,85,"22,147",1h 35min,29 June 2018 (USA),Morgan Neville
115,X-Rated 2: The Greatest Adult Stars of All Time!,5.9,N/A,131,1h 27min,TV Movie 28 October 2016,Bryn Pryor
116,30 for 30,8.8,N/A,"4,194",1h,TV Series (2009– ),Dick Vitale
117,Have a Good Trip: Adventures in Psychedelics,6.8,N/A,"5,269",1h 25min,11 May 2020 (USA),Donick Cary
118,Earthlings,8.7,N/A,"17,631",1h 35min,24 September 2005 (USA),Shaun Monson
119,After Porn Ends,5.7,N/A,"7,490",1h 34min,21 May 2012 (USA),Bryce Wagoner
120,Rewind,8.0,87,774,1h 26min,8 May 2020 (USA),Sasha Joseph Neulinger
121,Disclosure,8.3,80,"3,031",1h 48min,19 June 2020 (USA),Sam Feder
122,Your Worst Nightmare,7.0,N/A,490,43min,TV Series (2014– ),D.C. Goode
123,One Strange Rock,8.8,N/A,"6,259",47min,TV Series (2018– ),Will Smith
124,The Incredible Dr. Pol,8.6,N/A,"1,150",44min,TV Series (2011– ),Monica Austin
125,Fyre,7.2,75,"35,286",1h 37min,18 January 2019 (USA),Chris Smith
126,Super Size Me,7.2,73,"100,137",1h 40min,11 June 2004 (USA),Morgan Spurlock
127,Life,9.1,N/A,"37,299",7h 53min,TV Mini-Series (2009),Oprah Winfrey
128,World's Most Wanted,7.2,N/A,"1,307",N/A,TV Series (2020– ),Thomas Fuentes
129,Thor: Finding Korg,7.5,N/A,175,8min,Video 6 March 2018,Chris Hemsworth
130,Evil Lives Here,8.0,N/A,666,43min,TV Series (2016– ),T.J. Craig
131,76 Days,7.2,81,28,1h 33min,2 October 2020 (USA),Weixi Chen
132,The Civil War,9.0,N/A,"13,173",11h 20min,TV Mini-Series (1990),David McCullough
133,Oliver Sacks: His Own Life,7.9,82,35,1h 51min,23 September 2020 (USA),Ric Burns
134,Anthony Bourdain: Parts Unknown,8.8,N/A,"4,608",42min,TV Series (2013–2018),Anthony Bourdain
135,The Dawn Wall,8.1,81,"13,516",1h 40min,14 September 2018 (USA),Josh Lowell
136,The Biggest Little Farm,8.1,73,"4,909",1h 31min,10 May 2019 (USA),John Chester
137,You Cannot Kill David Arquette,7.2,66,425,1h 31min,21 August 2020 (USA),David Darg
138,Cold Case Files,8.0,N/A,915,43min,TV Series (2017– ),Danny Glover
139,The Universe,8.8,N/A,"4,986",45min,TV Series (2007– ),Erik Thompson
140,The Keepers,8.1,N/A,"17,267",7h 16min,TV Mini-Series (2017),Gemma Hoskins
141,I Am Not Your Negro,7.9,95,"18,683",1h 33min,17 February 2017 (USA),Raoul Peck
142,Cold Case Files,8.1,N/A,"1,370",44min,TV Series (1999– ),Bill Kurtis
143,Explained,8.1,N/A,"6,260",18min,TV Series (2018– ),Joe Posner
144,Time,6.9,N/A,46,1h 21min,16 October 2020 (USA),Garrett Bradley
145,Hoarders,6.4,N/A,"2,354",44min,TV Series (2009– ),Matt Paxton
146,Conversations with a Killer: The Ted Bundy Tapes,7.8,N/A,"21,602",3h 56min,TV Mini-Series (2019),Joe Berlinger
147,Becoming,6.8,66,"4,922",1h 29min,6 May 2020 (USA),Nadia Hallgren
148,Lenox Hill,8.7,N/A,"1,498",N/A,TV Series (2020),John Boockvar
149,Somebody Feed Phil,8.2,N/A,"2,889",1h,TV Series (2018– ),Phil Rosenthal
150,Grey Gardens,7.6,82,"11,939",1h 35min,27 September 1975 (USA),Ellen Hovde
151,Jackass Number Two,7.0,66,"65,796",1h 32min,22 September 2006 (USA),Jeff Tremaine
152,Evil Genius: The True Story of America's Most Diabolical Bank Heist,7.6,N/A,"21,163",3h 12min,TV Mini-Series (2018),Kevin G. Calkins
153,The Last Shaman,6.7,N/A,"1,152",1h 17min,1 September 2017 (USA),Raz Degan
154,Lance,7.5,N/A,582,3h 22min,25 May 2020 (USA),Marina Zenovich
155,The Joy of Painting,9.4,N/A,"4,168",30min,TV Series (1983–1994),Bob Ross
156,Endgame 2050,5.6,N/A,159,1h 33min,19 May 2020 (USA),Sofia Pineda Ochoa
157,Weird But True,7.2,N/A,40,30min,TV Series (2016– ),Charlie Engelman
158,Athlete A,7.7,85,"5,719",1h 43min,24 June 2020 (USA),Bonni Cohen
159,The Standard,6.8,N/A,26,1h 31min,8 September 2020 (USA),Phil Wall
160,Jackass 3D,7.0,N/A,"56,099",1h 34min,15 October 2010 (USA),Jeff Tremaine
161,History of Horror,8.1,N/A,"1,094",4h 56min,TV Mini-Series (2018),Eli Roth
162,After Porn Ends 2,5.5,N/A,"2,364",1h 30min,28 March 2017 (USA),Bryce Wagoner
163,Playboy: Sexiest Amateur Home Videos,6.6,N/A,166,1h 7min,Video 19 April 2005,Derek Harvey
164,Helter Skelter,7.4,N/A,265,N/A,TV Mini-Series (2020– ),Ivor Davis
165,Senna,8.5,79,"62,625",1h 46min,25 May 2011 (France),Asif Kapadia
166,Crip Camp,7.8,86,"1,911",1h 46min,25 March 2020 (USA),James Lebrecht
167,Ottolenghi and the Cakes of Versailles,6.8,N/A,26,1h 15min,25 September 2020 (USA),Laura Gabbert
168,American Playboy: The Hugh Hefner Story,7.5,N/A,"1,572",42min,TV Series (2017),Matt Whelan
169,Homicide Hunter: Lt. Joe Kenda,8.8,N/A,"2,562",43min,TV Series (2011– ),Josh Casaubon
170,Bowling for Columbine,7.9,72,"138,829",2h,15 November 2002 (USA),Michael Moore
171,Showbiz Kids,7.0,N/A,949,1h 35min,15 July 2020 (Spain),Alex Winter
172,Leaving Neverland,7.0,N/A,"25,435",4h,8 March 2019 (Bulgaria),Dan Reed
173,The Beatles: Get Back,N/A,N/A,N/A,N/A,27 August 2021 (USA),Peter Jackson
174,No Safe Spaces,7.7,N/A,"1,159",1h 40min,25 October 2019 (USA),Justin Folk
175,Blackfish,8.1,83,"60,895",1h 23min,26 July 2013 (Ireland),Gabriela Cowperthwaite
176,The Imposter,7.5,77,"44,625",1h 39min,24 August 2012 (UK),Bart Layton
177,A Secret Love,7.9,77,"2,877",1h 21min,29 April 2020 (USA),Chris Bolan
178,Miss Americana,7.4,65,"14,254",1h 25min,31 January 2020 (USA),Lana Wilson
179,Fahrenheit 9/11,7.5,67,"125,624",2h 2min,25 June 2004 (USA),Michael Moore
180,Console Wars,N/A,N/A,N/A,N/A,TV Series,N/A
181,Beastie Boys Story,7.8,74,"3,716",1h 59min,24 April 2020 (USA),Spike Jonze
182,Sex Next Door,5.3,N/A,24,N/A,TV Series (2020– ),N/A
183,Bob Lazar: Area 51 & Flying Saucers,5.6,N/A,"4,474",1h 37min,4 December 2018 (USA),Jeremy Kenyon Lockyer Corbell
184,What the Health,7.4,N/A,"26,413",1h 37min,2018 (Norway),Kip Andersen
185,60 Minutes,7.4,N/A,"3,015",1h,TV Series (1968– ),Don Hewitt
186,Hard Knocks,8.5,N/A,"1,696",55min,TV Series (2001– ),Marty Callner
187,Thinking XXX,6.0,N/A,906,59min,TV Movie 28 October 2004,Timothy Greenfield-Sanders
188,Out of Shadows,7.2,N/A,"1,143",1h 18min,11 April 2020 (USA),Mike Smith
189,The Circus: Inside the Greatest Political Show on Earth,7.0,N/A,763,30min,TV Series (2016– ),John Heilemann
190,Dark Side of the Ring,8.7,N/A,"1,329",1h,TV Series (2019– ),Chris Jericho
191,The Thin Blue Line,8.0,79,"21,247",1h 41min,25 August 1988 (USA),Errol Morris
192,The Pharmacist,7.7,N/A,"4,738",3h 35min,TV Mini-Series (2020),N/A
193,Pumping Iron,7.4,72,"21,023",1h 26min,23 June 1977 (France),George Butler
194,Playboy: Voluptuous Vixens II,6.7,N/A,214,56min,Video 21 July 1998,Scott Allen
195,American Horror Story FreakShow: Extra-Ordinary-Artists,8.0,N/A,290,4min,TV Series (2014– ),Jyoti Amge
196,Paradise Lost: The Child Murders at Robin Hood Hills,8.3,N/A,"14,988",2h 30min,10 June 1996 (USA),Joe Berlinger
197,The Silence of Others,8.0,73,"1,424",1h 36min,8 May 2019 (USA),Robert Bahar
198,The Last Stop,8.6,N/A,76,1h 50min,29 April 2017 (USA),Todd Nilssen
199,Fantastic Fungi,7.7,70,"1,339",1h 21min,11 October 2019 (USA),Louie Schwartzberg
200,Demon House,5.2,N/A,"5,376",1h 35min,16 December 2019 (USA),Zak Bagans
201,The Last Waltz,8.2,88,"15,913",1h 57min,26 April 1978 (USA),Martin Scorsese
202,Paris Is Burning,8.2,82,"12,202",1h 11min,August 1991 (USA),Jennie Livingston
203,Casting Calls,7.0,N/A,341,3min,TV Series (2018– ),N/A
204,The Swamp,6.4,N/A,341,1h 54min,29 August 2020 (UK),Daniel DiMauro
205,Seven Worlds One Planet,9.4,N/A,"3,598",6h 47min,TV Mini-Series (2019),David Attenborough
206,Planet of the Humans,6.9,N/A,"2,322",1h 40min,31 July 2019 (USA),Jeff Gibbs
207,The Trials of Gabriel Fernandez,8.2,N/A,"6,555",5h 31min,TV Mini-Series (2020),William Guirola
208,A Love Song for Latasha,6.1,N/A,79,19min,21 September 2020 (USA),Sophia Nahli Allison
209,Inception: Jump Right Into the Action,8.7,N/A,459,44min,Video 7 December 2010,Leonardo DiCaprio
210,Circus of Books,7.0,74,"3,172",1h 32min,22 April 2020 (USA),Rachel Mason
211,Mommy Dead and Dearest,7.4,N/A,"7,444",1h 22min,11 March 2017 (USA),Erin Lee Carr
212,The War,9.0,N/A,"4,720",2h 4min,TV Mini-Series (2007),Keith David
213,Waiting for 'Superman',7.5,81,"10,599",1h 51min,29 October 2010 (USA),Davis Guggenheim
214,X-Rated: The Greatest Adult Movies of All Time,5.6,N/A,550,1h 35min,TV Movie 6 February 2015,Bryn Pryor
215,The Inventor: Out for Blood in Silicon Valley,7.1,66,"7,722",1h 59min,18 March 2019 (USA),Alex Gibney
216,Missing 411: The Hunted,7.2,N/A,810,1h 37min,25 June 2019 (USA),Michael DeGrazier
217,Barbarians Rising,7.8,N/A,"1,751",2h,TV Mini-Series (2016– ),Michael Ealy
218,The Defiant Ones,8.5,N/A,"11,107",1h,TV Mini-Series (2017),Bono
219,Crumb,8.0,93,"18,233",1h 59min,28 April 1995 (USA),Terry Zwigoff
220,Dick Johnson Is Dead,6.8,85,58,1h 29min,2 October 2020 (USA),Kirsten Johnson
221,Nova,8.7,N/A,"2,262",1h,TV Series (1974– ),Daniel Hart
222,Scary Stories,6.1,N/A,319,1h 24min,7 May 2019 (USA),Cody Meirick
223,Close Encounters of the Fifth Kind,7.1,N/A,394,2h,8 April 2020 (USA),Michael Mazzola
224,Woodstock,8.2,95,"15,762",3h 4min,26 March 1970 (USA),Michael Wadleigh
225,Heal,6.9,N/A,"1,883",1h 46min,20 October 2017 (USA),Kelly Noonan
226,Everybody's Everything,7.5,71,"2,257",1h 56min,15 November 2019 (USA),Sebastian Jones
227,Chasing Coral,8.1,86,"4,085",1h 33min,14 July 2017 (USA),Jeff Orlowski
228,9/11,8.5,N/A,"6,333",1h 52min,TV Movie 10 March 2002,James Hanlon
229,The Booksellers,6.9,72,518,1h 39min,6 March 2020 (USA),D.W. Young
230,Stop Making Sense,8.6,89,"12,670",1h 28min,16 November 1984 (West Germany),Jonathan Demme
231,The Innocence Files,8.0,N/A,"1,761",9h 33min,TV Mini-Series (2020),Peter Neufeld
232,An Inconvenient Truth,7.4,75,"79,825",1h 36min,30 June 2006 (USA),Davis Guggenheim
233,Behind the Curve,6.5,N/A,"7,892",1h 36min,15 November 2018 (USA),Daniel J. Clark
234,Touching the Void,8.0,82,"33,205",1h 46min,12 March 2004 (USA),Kevin Macdonald
235,Ice Road Truckers,6.2,N/A,"2,928",1h,TV Series (2007– ),Alex Debogorski
236,The Go-Go's,7.5,81,550,1h 38min,24 January 2020 (USA),Alison Ellwood
237,The Family,6.4,N/A,"2,800",4h 9min,TV Series (2019),Jeff Sharlet
238,This Is It,7.2,67,"38,159",1h 51min,28 October 2009 (USA),Kenny Ortega
239,Hillary,6.3,N/A,"1,935",4h 13min,TV Mini-Series (2020),Hillary Clinton
240,America's Book of Secrets,6.8,N/A,656,44min,TV Series (2012–2014),Barry Aird
241,Minding the Gap,8.1,90,"7,381",1h 33min,17 August 2018 (USA),Bing Liu
242,The Devil Next Door,7.6,N/A,"8,698",3h 49min,TV Mini-Series (2019),Eli Gabay
243,The Untold History of the United States,8.6,N/A,"8,093",58min,TV Mini-Series (2012–2013),Oliver Stone
244,The Forgotten West Memphis Three,7.1,N/A,65,1h 20min,TV Mini-Series (2020),Ryan Clark
245,Hearts of Darkness: A Filmmaker's Apocalypse,8.1,N/A,"18,689",1h 36min,6 December 1991 (UK),Fax Bahr
246,20/20,6.6,N/A,"1,641",1h,TV Series (1978– ),Roone Arledge
247,After Truth: Disinformation and the Cost of Fake News,7.0,N/A,814,1h 35min,26 March 2020 (Netherlands),Andrew Rossi
248,American Gospel: Christ Alone,8.7,N/A,692,2h 19min,19 October 2018 (USA),Brandon Kimber
249,O.J.: Made in America,8.9,N/A,"17,118",7h 47min,4 August 2016 (Spain),Ezra Edelman
250,The Truffle Hunters,7.6,79,46,1h 24min,25 December 2020 (USA),Michael Dweck
251,Jim & Andy: The Great Beyond,7.7,77,"22,486",1h 34min,17 November 2017 (USA),Chris Smith
252,Welcome to Chechnya,8.0,86,930,1h 47min,30 June 2020 (USA),David France
253,Wormwood,7.0,N/A,"3,478",4h 1min,TV Mini-Series (2017),Peter Sarsgaard
254,American Experience,8.5,N/A,"1,537",1h,TV Series (1988– ),Henry Hampton
255,Undertaker: The Last Ride,9.0,N/A,980,N/A,TV Mini-Series (2020),Mark Calaway
256,Amanda Knox,6.9,78,"20,253",1h 32min,30 September 2016 (USA),Rod Blackhurst
257,Gunda,7.5,N/A,64,1h 33min,August 2020 (Norway),Viktor Kosakovskiy
258,Leah Remini: Scientology and the Aftermath,9.1,N/A,"4,356",47min,TV Series (2016–2019),Leah Remini
259,Intervention,7.9,N/A,"2,408",44min,TV Series (2005– ),Sam Mettler
260,Abstract: The Art of Design,8.4,N/A,"4,556",45min,TV Series (2017– ),Platon
261,Going Clear: Scientology & the Prison of Belief,8.0,80,"36,442",1h 59min,25 June 2015 (Italy),Alex Gibney
262,A Haunting,8.0,N/A,"2,830",1h,TV Series (2005–2019),Anthony D. Call
263,Meru,7.7,77,"14,631",1h 30min,14 August 2015 (USA),Jimmy Chin
264,The Red Pill,8.2,N/A,"10,094",1h 48min,7 March 2017 (USA),Cassie Jaye
265,Before the Flood,8.3,63,"25,829",1h 36min,30 October 2016 (USA),Fisher Stevens
266,Song Exploder,N/A,N/A,N/A,N/A,TV Series (2020– ),Ty Dolla $ign
267,Through the Wormhole,8.6,N/A,"16,579",1h,TV Series (2010–2017),Morgan Freeman
268,Rotten,7.2,N/A,"2,803",55min,TV Series (2018–2019),Latif Nasser
269,QT8: The First Eight,7.3,N/A,"2,309",1h 43min,21 October 2019 (USA),Tara Wood
270,Zappa,N/A,N/A,N/A,N/A,27 November 2020 (USA),Alex Winter
271,The Innocent Man,7.3,N/A,"4,627",4h 44min,TV Mini-Series (2018),Ross M. Dinerstein
272,Frozen Planet,9.0,N/A,"25,988",5h 33min,TV Mini-Series (2011–2012),David Attenborough
273,The Legend of Boggy Creek,5.2,N/A,"2,753",1h 27min,25 August 1972 (USA),Charles B. Pierce
274,Knock Down the House,7.0,80,"10,584",1h 27min,1 May 2019 (USA),Rachel Lears
275,Echo in the Canyon,6.9,69,"2,230",1h 22min,7 June 2019 (Canada),Andrew Slater
276,One Direction: This Is Us,4.2,N/A,"23,365",1h 32min,30 August 2013 (USA),Morgan Spurlock
277,Overhaulin',6.8,N/A,"1,377",1h,TV Series (2004– ),Lee Reherman
278,The Goop Lab,2.4,N/A,"2,674",30min,TV Series (2020– ),Gwyneth Paltrow
279,Teen Mom 2,4.3,N/A,"2,025",1h,TV Series (2011– ),Jenelle Evans
280,Cybergirl of the Year,7.2,N/A,30,25min,TV Series (2018– ),Tahlia Paris
281,Brain Games,8.3,N/A,"2,929",1h,TV Series (2011– ),Jerry Kolber
282,Skin: A History of Nudity in the Movies,7.1,64,65,2h 10min,18 August 2020 (USA),Danny Wolf
283,Rolling Thunder Revue: A Bob Dylan Story by Martin Scorsese,7.6,86,"4,985",2h 22min,12 June 2019 (USA),Martin Scorsese
284,48 Hours,7.4,N/A,"1,609",1h,TV Series (1988– ),Judy Tygard
285,A Haunting on Dice Road: The Hell House,6.0,N/A,277,1h 30min,28 October 2016 (USA),Steven 'Prozak' Shippy
286,Where to Invade Next,7.5,64,"23,250",2h,25 February 2016 (Germany),Michael Moore
287,A Crime to Remember,8.3,N/A,912,N/A,TV Series (2013– ),Christine Connor
288,Stuntwomen: The Untold Hollywood Story,7.4,N/A,14,1h 24min,22 September 2020 (USA),April Wright
289,Top Gear USA,5.4,N/A,"5,718",45min,TV Series (2008– ),Tanner Foust
290,Missing 411,6.4,N/A,"1,076",1h 38min,2016 (USA),Michael DeGrazier
291,Medal of Honor,8.4,N/A,"1,299",1h,TV Series (2018– ),Josh Charles
292,"Sex, Explained",6.9,N/A,"2,022",N/A,TV Series (2020– ),Janelle Monáe
293,Streetwise,8.2,N/A,"1,644",1h 31min,26 October 1984 (USA),Martin Bell
294,Hoop Dreams,8.3,98,"24,021",2h 50min,14 October 1994 (USA),Steve James
295,1000 Ways to Die,6.9,N/A,"3,327",23min,TV Series (2008–2012),Thom Beers
296,Spaceship Earth,6.4,73,955,1h 53min,8 May 2020 (USA),Matt Wolf
297,The Cove,8.4,84,"46,897",1h 32min,7 August 2009 (USA),Louie Psihoyos
298,American Masters,8.0,N/A,743,1h 30min,TV Series (1985– ),Susan Lacy
299,MLK/FBI,7.0,76,36,1h 44min,15 January 2021 (USA),Sam Pollard
300,Cursed Films,7.1,N/A,674,30min,TV Series (2020),Phil Nobile Jr.
301,Cowspiracy: The Sustainability Secret,8.3,N/A,"20,691",1h 30min,15 September 2015 (Netherlands),Kip Andersen
302,Super Size Me 2: Holy Chicken!,7.1,61,"2,790",1h 33min,13 September 2019 (USA),Morgan Spurlock
303,Capturing the Friedmans,7.7,90,"23,733",1h 47min,18 July 2003 (USA),Andrew Jarecki
304,Man on Wire,7.7,89,"52,021",1h 34min,29 August 2008 (USA),James Marsh
305,Nude,5.8,N/A,362,1h 34min,29 October 2017 (USA),Tony Sacco
306,The Great Fellove,N/A,N/A,N/A,N/A,September 2020 (Spain),Matt Dillon
307,Lone Star Law,7.9,N/A,154,N/A,TV Series (2016– ),Rider
308,Sicko,7.9,74,"73,258",2h 3min,3 July 2007 (USA),Michael Moore
309,Waltz with Bashir,8.0,91,"54,506",1h 30min,12 June 2008 (Israel),Ari Folman
310,You Don't Nomi,6.8,66,412,1h 32min,9 June 2020 (USA),Jeffrey McHale
311,Zeitgeist,8.1,N/A,"47,791",1h 58min,Video 1 June 2007,Peter Joseph
312,Emergency Call,7.4,N/A,35,N/A,TV Series (2020– ),Allyssa Brooke
313,Killer Inside: The Mind of Aaron Hernandez,7.4,N/A,"11,702",3h 22min,TV Mini-Series (2020),Kevin Armstrong
314,Hail Satan?,7.3,76,"5,164",1h 35min,17 April 2019 (USA),Penny Lane
315,John Was Trying to Contact Aliens,6.3,N/A,900,16min,20 August 2020 (USA),Matthew Killip
316,The Bridge,7.2,N/A,"10,937",1h 34min,16 February 2007 (UK),Eric Steel
317,Marvel's 616,N/A,N/A,N/A,N/A,TV Series (2020– ),Sana Amanat
318,Immigration Nation,7.3,N/A,784,N/A,TV Series (2020– ),N/A
319,Harlan County U.S.A.,8.3,80,"4,869",1h 43min,28 September 1977 (France),Barbara Kopple
320,Snapped,7.7,N/A,993,30min,TV Series (2004– ),Sharon Martin
321,Stars and Strife,5.1,N/A,11,1h 37min,11 August 2020 (USA),David Smick
322,Twenty Feet from Stardom,7.4,83,"12,184",1h 31min,26 July 2013 (USA),Morgan Neville
323,Frontline,8.5,N/A,"1,576",1h,TV Series (1983– ),Will Lyman
324,The Confession Killer,7.4,N/A,"5,346",4h,TV Mini-Series (2019),Nan Cuba
325,The Cold Blue,7.5,N/A,616,1h 41min,4 July 2019 (USA),Erik Nelson
326,Pavarotti,7.5,66,"2,436",1h 54min,30 December 2019 (USA),Ron Howard
327,Laurel Canyon,8.2,N/A,438,1h 18min,TV Series (2020– ),Henry Diltz
328,The Hocus Pocus 25th Anniversary Halloween Bash,7.4,N/A,85,1h 26min,TV Movie 20 October 2018,Joe DeMaio
329,Titicut Follies,7.7,N/A,"3,973",1h 24min,4 September 1992 (Australia),Frederick Wiseman
330,Ghost Adventures: Screaming Room,6.9,N/A,47,42min,TV Series (2020– ),Zak Bagans
331,How It Really Happened with Hill Harper,6.7,N/A,65,42min,TV Series (2016– ),Hill Harper
332,Safeguard: An Electoral College Story,5.1,N/A,57,1h 16min,9 September 2020 (USA),M.A. Taylor
333,Inside Bill's Brain: Decoding Bill Gates,7.9,N/A,"8,245",52min,TV Mini-Series (2019),Alex Bueermann
334,Black Boys,3.9,N/A,147,1h 35min,16 August 2020 (USA),Sonia Lowman
335,Playboy Wet & Wild: Slippery When Wet,6.3,N/A,114,58min,Video,Scott Allen
336,Above Majestic,6.3,N/A,924,2h 13min,30 October 2018 (USA),Roger R. Richards
337,Framing John DeLorean,6.5,67,"1,262",1h 49min,7 June 2019 (USA),Don Argott
338,Fireball: Visitors from Darker Worlds,7.7,69,39,1h 37min,October 2020 (USA),Werner Herzog
339,Game of Thrones: The Last Watch,7.2,N/A,"5,516",1h 54min,TV Movie 26 May 2019,Jeanie Finlay
340,Devil's Road: The True Story of Ed and Lorraine Warren,7.0,N/A,51,1h 24min,TV Movie 7 September 2020,Ed Warren
341,Once Were Brothers: Robbie Robertson and the Band,7.2,61,720,1h 40min,21 February 2020 (USA),Daniel Roher
342,Enron: The Smartest Guys in the Room,7.6,N/A,"16,546",1h 50min,20 May 2005 (USA),Alex Gibney
343,One Child Nation,7.5,85,"4,212",1h 28min,9 August 2019 (USA),Nanfu Wang
344,Ugly Delicious,7.8,N/A,"2,923",50min,TV Series (2018– ),David Chang
345,This Film Is Not Yet Rated,7.5,75,"27,230",1h 38min,1 September 2006 (UK),Kirby Dick
346,The Family I Had,6.9,N/A,662,1h 17min,23 September 2017 (Netherlands),Katie Green
347,Chasing Ice,7.8,75,"8,183",1h 15min,14 December 2012 (UK),Jeff Orlowski
348,I Shouldn't Be Alive,8.1,N/A,"1,852",1h,TV Series (2005– ),Eric Meyers
349,I Am A Killer: Released,5.2,N/A,424,N/A,TV Series (2020– ),Tommy LeNoir
350,The Men Who Built America,8.6,N/A,"3,456",4h 55min,TV Mini-Series (2012),Campbell Scott
351,Unidentified: Inside America's UFO Investigation,7.5,N/A,519,N/A,TV Series (2019– ),Bryan Bender
352,Voyeur,6.2,N/A,"4,653",1h 35min,1 December 2017 (USA),Myles Kane
353,The Song Remains the Same,7.7,N/A,"7,648",2h 17min,20 October 1976 (USA),Peter Clifton
354,Public Trust,8.5,N/A,30,1h 36min,17 February 2020 (USA),David Byars
355,TFW NO GF,5.6,N/A,475,1h 23min,27 April 2020 (USA),Alex Lee Moyer
356,Actress.,N/A,N/A,N/A,N/A,1 March 2018 (USA),Evan Scott Russell
357,The Weight of Gold,7.1,N/A,296,1h,29 July 2020 (USA),Brett Rapkin
358,John Wick Chapter 2: Wick-vizzed,7.8,N/A,"14,584",5min,Video 13 June 2017,Josh Oreck
359,Death of a Nation,4.6,N/A,"6,272",1h 48min,3 August 2018 (USA),Dinesh D'Souza
360,16 and Recovering,6.9,N/A,14,N/A,TV Series (2020– ),N/A
361,Trial by Media,7.2,N/A,"1,841",N/A,TV Series (2020– ),Al Sharpton
362,Five Came Back,8.3,N/A,"3,665",1h,TV Mini-Series (2017),Francis Ford Coppola
363,The Kingmaker,7.6,76,"1,280",1h 41min,8 November 2019 (USA),Lauren Greenfield
364,The Speed Cubers,7.5,N/A,"1,860",39min,29 July 2020 (USA),Sue Kim
365,"Little People, Big World",6.1,N/A,"2,283",1h,TV Series (2006– ),Matthew Roloff
366,The Confession Tapes,7.5,N/A,"4,561",46min,TV Series (2017– ),Kelly Loudenberg
367,Restrepo,7.5,85,"21,790",1h 33min,6 August 2010 (USA),Tim Hetherington
368,Meet the Patels,7.2,70,"3,140",1h 28min,11 September 2015 (USA),Geeta V. Patel
369,Father Soldier Son,7.3,74,642,1h 39min,17 July 2020 (USA),Leslye Davis
370,Cobain: Montage of Heck,7.5,83,"27,628",2h 25min,4 May 2015 (USA),Brett Morgen
371,On the Record,7.1,84,407,1h 35min,27 May 2020 (USA),Kirby Dick
372,QB1: Beyond the Lights,7.8,N/A,690,35min,TV Series (2017– ),Tayvon Bowers
373,Wrestling Isn't Wrestling,8.5,N/A,966,25min,Video 14 March 2015,Max Landis
374,Biography,7.7,N/A,"1,590",1h,TV Series (1987– ),Agnes Nixon
375,Before the Wrath,8.5,N/A,72,1h 24min,3 March 2020 (USA),Brent Miller Jr.
376,The Making of the Mob,7.9,N/A,"2,165",5h 43min,TV Series (2015– ),Ian Bell
377,The Look of Silence,8.3,92,"11,528",1h 43min,17 July 2015 (USA),Joshua Oppenheimer
378,Lost Gold of WW2,6.3,N/A,239,1h,TV Series (2019– ),John Casey
379,Ghost Nation,6.2,N/A,552,42min,TV Series (2019– ),Jason Hawes
380,"I Love You, Now Die: The Commonwealth v. Michelle Carter",7.5,N/A,"3,831",2h 23min,4 May 2019 (Canada),Erin Lee Carr
381,Robin Williams: Come Inside My Mind,8.0,74,"6,636",1h 56min,16 July 2018 (USA),Marina Zenovich
382,Room 237,6.2,80,"20,730",1h 42min,26 October 2012 (UK),Rodney Ascher
383,Jasper Mall,6.5,N/A,251,1h 25min,24 January 2020 (USA),Bradford Thomason
384,House of Cardin,8.2,61,77,1h 35min,15 September 2020 (USA),P. David Ebersole
385,The Apollo,6.4,77,408,1h 38min,22 November 2020 (New Zealand),Roger Ross Williams
386,Glee: The 3D Concert Movie,5.4,N/A,"5,615",1h 24min,12 August 2011 (USA),Kevin Tancharoen
387,Expeditions to the Edge,7.2,N/A,35,N/A,TV Series (2004– ),David Paluck
388,Boobs: An American Obsession,5.9,N/A,211,1h 28min,9 February 2010 (USA),Nina Brownfield-Berry
389,Deadly Women,8.0,N/A,"1,547",43min,TV Series (2008– ),Lynnanne Zager
390,Plandemic,6.5,N/A,820,1h 39min,TV Series (2020– ),David Martin
391,Jiro Dreams of Sushi,7.9,77,"33,081",1h 21min,15 March 2012 (Denmark),David Gelb
392,The F.B.I. Files,7.8,N/A,886,1h,TV Series (1998–2009),James Kallstrom
393,BuzzFeed Unsolved: True Crime,8.9,N/A,925,N/A,TV Series (2016– ),Ryan Bergara
394,The China Hustle,7.2,67,"2,503",1h 22min,23 March 2018 (USA),Jed Rothstein
395,West of Memphis,7.9,80,"9,718",2h 27min,22 November 2012 (Portugal),Amy Berg
396,American Movie,7.9,84,"16,538",1h 47min,13 April 2000 (Australia),Chris Smith
397,The Wild and Wonderful Whites of West Virginia,7.1,N/A,"3,889",1h 26min,5 May 2010 (USA),Julien Nitzberg
398,The Imagineering Story,9.1,N/A,"1,912",1h,TV Series (2019– ),Angela Bassett
399,"Dirty John, The Dirty Truth",6.1,N/A,"1,727",1h 28min,TV Movie 14 January 2019,Sara Mast
400,Obsession: Dark Desires,7.4,N/A,353,43min,TV Series (2013– ),Stephanie Jones
401,Pandemic: How to Prevent an Outbreak,6.3,N/A,"2,420",50min,TV Series (2020– ),Syra Madad
402,Hellier,5.8,N/A,629,50min,TV Mini-Series (2019),Dana Matthews
403,The Great Dance: A Hunter's Story,7.5,71,39,1h 30min,31 October 2002 (Germany),Craig Foster
404,Buena Vista Social Club,7.7,81,"16,412",1h 45min,4 June 1999 (USA),Wim Wenders
405,Unusual Suspects,7.6,N/A,761,44min,TV Series (2010– ),Mocean Melvin
406,The Panama Papers,7.2,76,996,1h 36min,6 October 2018 (USA),Alex Winter
407,Ghosts of the Abyss,6.8,67,"4,934",1h 1min,10 September 2003 (France),James Cameron
408,I Survived...,8.5,N/A,677,45min,TV Series (2008– ),Michelle Renee
409,Netflix vs. the World,6.8,N/A,378,1h 44min,24 April 2020 (USA),Shawn Cauthen
410,The Toys That Made Us,8.1,N/A,"4,594",46min,TV Series (2017– ),Donald Ian Black
411,"The Mind, Explained",8.0,N/A,"3,423",20min,TV Mini-Series (2019– ),Emma Stone
412,The Comedy Store,N/A,N/A,N/A,N/A,TV Mini-Series (2020– ),Molly Cravens
413,Equal,N/A,N/A,N/A,N/A,TV Series (2020– ),Billy Porter
414,In the Shadow of the Moon,8.0,84,"6,500",1h 40min,2 November 2007 (UK),David Sington
415,Playboy Wet & Wild: The Locker Room,7.1,N/A,58,52min,Video 1994,Scott Allen
416,Inherent Good,N/A,N/A,N/A,N/A,N/A,Steve Borst
417,Ted Bundy: Falling for a Killer,7.9,N/A,"1,341",3h 51min,TV Mini-Series (2020),Elizabeth Kendall
418,Sex with Strangers,4.4,N/A,349,1h 45min,22 February 2002 (USA),Harry Gantz
419,The Oprah Conversation,2.4,N/A,73,N/A,TV Series (2020– ),Oprah Winfrey
420,Web of Lies,7.8,N/A,601,43min,TV Series (2014– ),Nathan Wiley
421,When We Were Kings,8.0,83,"14,950",1h 28min,14 February 1997 (USA),Leon Gast
422,Jackass 3.5,6.7,N/A,"18,230",1h 24min,Video 1 April 2011,Jeff Tremaine
423,Cave of Forgotten Dreams,7.4,86,"14,963",1h 30min,31 August 2011 (France),Werner Herzog
424,Machine,6.2,N/A,91,1h 26min,15 March 2020 (UK),Justin Krook
425,Disappeared,8.0,N/A,916,N/A,TV Series (2009–2018),Christopher Crutchfield Walker
426,Zero Days,7.8,77,"8,678",1h 56min,8 July 2016 (USA),Alex Gibney
427,John Lewis: Good Trouble,6.7,70,333,1h 36min,3 July 2020 (USA),Dawn Porter
428,Soaked in Bleach,7.4,N/A,"10,948",1h 30min,11 June 2015 (USA),Benjamin Statler
429,Fatal Attraction,8.0,N/A,250,2h,TV Series (2013– ),Malikha Mallette
430,Be Here Now,8.6,N/A,"3,171",1h 40min,28 February 2017 (UK),Lilibet Foster
431,Roadhouse 30th Anniversary Interviews,N/A,N/A,N/A,N/A,TV Mini-Series (2019),Lauri Crossman
432,What the Bleep!?: Down the Rabbit Hole,6.5,N/A,"2,635",2h 36min,23 March 2006 (Australia),William Arntz
433,Paranormal Caught on Camera,6.1,N/A,276,43min,TV Series (2019– ),Brian J. Cano
434,Any One of Us,7.2,N/A,192,1h 27min,25 February 2020 (Mexico),Fernando Villena
435,Deep Web,7.0,N/A,"8,916",1h 30min,21 November 2015 (Norway),Alex Winter
436,The UnXplained,7.3,N/A,422,N/A,TV Series (2019– ),William Shatner
437,Be Water,7.4,N/A,745,1h 45min,7 June 2020 (USA),Bao Nguyen
438,There's Something Wrong with Aunt Diane,6.7,N/A,"4,244",1h 41min,TV Movie 25 July 2011,Liz Garbus
439,The Movies,7.8,N/A,720,2h,TV Series (2019),Paul Thomas Anderson
440,Washington,8.1,N/A,560,N/A,TV Mini-Series (2020),Jeff Daniels
441,Jane,7.8,87,"4,416",1h 30min,24 November 2017 (Ireland),Brett Morgen
442,The T.A.M.I. Show,8.3,N/A,781,2h 3min,29 December 1964 (USA),Steve Binder
443,Get Out,6.2,N/A,137,22min,TV Series (2003– ),Lindsay Clubine
444,The Disappearance of Madeleine McCann,6.6,N/A,"7,740",1h,TV Series (2019– ),Anthony Summers
445,Sinatra: All or Nothing at All,8.0,N/A,"1,927",4h,TV Mini-Series (2015),Pete Hamill
446,This Old House,7.6,N/A,695,30min,TV Series (1979– ),Norm Abram
447,Roger & Me,7.4,70,"25,413",1h 31min,20 December 1989 (USA),Michael Moore
448,Jimmy Carter: Rock & Roll President,7.2,71,24,N/A,9 September 2020 (USA),Mary Wharton
449,Western Stars,7.5,80,"1,316",1h 23min,25 October 2019 (USA),Bruce Springsteen
450,City Hall,7.6,89,41,4h 32min,14 October 2020 (France),Frederick Wiseman
451,The Most Dangerous Animal of All,6.2,N/A,443,N/A,TV Mini-Series (2020– ),Kief Davidson
452,Nanook of the North,7.6,N/A,"10,648",1h 18min,11 June 1922 (USA),Robert J. Flaherty
453,River Monsters,8.1,N/A,"4,485",42min,TV Series (2009–2017),Jeremy Wade
454,Dads,6.3,N/A,690,1h 27min,19 June 2020 (USA),Bryce Dallas Howard
455,George Harrison: Living in the Material World,8.2,N/A,"10,424",3h 28min,4 October 2011 (UK),Martin Scorsese
456,Hunt for the Skinwalker,4.4,N/A,549,2h 7min,11 September 2018 (USA),Jeremy Kenyon Lockyer Corbell
457,A Most Beautiful Thing,9.4,79,29,1h 35min,31 July 2020 (USA),Mary Mazzio
458,Amazing Grace,7.5,94,"3,362",1h 29min,5 April 2019 (USA),Alan Elliott
459,Who Killed Garrett Phillips?,7.4,N/A,"1,518",3h 6min,24 July 2019 (Hungary),Liz Garbus
460,The Devil and Father Amorth,4.6,N/A,"1,868",1h 8min,20 April 2018 (USA),William Friedkin
461,"Playboy: No Boys Allowed, 100% Girls",6.6,N/A,68,51min,Video 19 September 2000,Styx Jones
462,Penguins,7.0,69,"1,276",1h 16min,17 April 2019 (USA),Alastair Fothergill
463,Helmut Newton: The Bad and the Beautiful,7.5,66,68,1h 33min,9 July 2020 (Germany),Gero von Boehm
464,A Gray State,6.2,74,"1,355",1h 33min,3 November 2017 (USA),Erik Nelson
465,American Monster,7.5,N/A,311,N/A,TV Series (2016– ),Tom Streithorst
466,The King of Ads,5.4,N/A,199,1h 14min,1991 (France),Jean-Marie Boursicot
467,Jesus Camp,7.4,62,"26,174",1h 27min,22 December 2006 (Canada),Heidi Ewing
468,Inside Deep Throat,6.7,64,"6,445",1h 29min,21 April 2005 (Russia),Fenton Bailey
469,The Fog of War: Eleven Lessons from the Life of Robert S. McNamara,8.1,87,"22,563",1h 47min,5 March 2004 (USA),Errol Morris
470,Desert One,7.5,80,57,1h 47min,21 August 2020 (USA),Barbara Kopple
471,The Decline of Western Civilization,7.6,93,"3,583",1h 40min,1983 (Italy),Penelope Spheeris
472,Cartel Land,7.4,76,"17,671",1h 40min,3 July 2015 (USA),Matthew Heineman
473,LA 92,8.2,66,"4,851",1h 54min,21 April 2017 (USA),Daniel Lindsay
474,Becoming Bond,7.5,65,"2,275",1h 35min,20 May 2017 (USA),Josh Greenbaum
475,Travis Scott: Look Mom I Can Fly,6.3,N/A,"3,250",1h 24min,28 August 2019 (USA),White Trash Tyler
476,The Central Park Five,7.7,79,"6,866",1h 59min,25 April 2014 (Germany),Ken Burns
477,Beware the Slenderman,6.2,N/A,"5,966",1h 54min,26 August 2018 (Sweden),Irene Taylor Brodsky
478,Men in Kilts,N/A,N/A,N/A,N/A,TV Series,Sam Heughan
479,Citizen K,6.8,76,667,2h 6min,13 December 2019 (UK),Alex Gibney
480,Louis Theroux's Weird Weekends,8.5,N/A,"2,735",1h,TV Series (1998–2000),Louis Theroux
481,My Truth: The Rape of Two Coreys,6.3,N/A,249,1h 25min,10 March 2020 (USA),Brian Herzlinger
482,19 Kids and Counting,3.2,N/A,"2,381",30min,TV Series (2008–2015),Michelle Duggar
483,Pretending I'm a Superman: The Tony Hawk Video Game Story,7.0,N/A,305,1h 13min,18 August 2020 (USA),Ludvig Gür
484,Red Dog,6.4,N/A,179,1h 45min,9 March 2019 (USA),Casey Pinkston
485,Biography: The Nine Lives of Ozzy Osbourne,8.6,N/A,58,1h 26min,TV Movie 7 September 2020,Greg Johnston
486,Wrong Man,6.7,N/A,205,1h,TV Series (2018– ),N/A
487,The Mask You Live In,7.6,N/A,"2,430",1h 37min,25 January 2015 (USA),Jennifer Siebel Newsom
488,Gimme Shelter,7.9,80,"10,594",1h 31min,13 December 1970 (UK),Albert Maysles
489,The Wolfpack,7.0,75,"11,827",1h 30min,10 July 2015 (USA),Crystal Moselle
490,Fat Fiction,8.1,N/A,"1,120",1h 55min,13 March 2020 (USA),Jennifer Isenhart
491,Take Your Pills,6.4,N/A,"4,213",1h 27min,16 March 2018 (USA),Alison Klayman
492,Hunting Hitler,7.5,N/A,"2,024",42min,TV Series (2015– ),Dave Hoffman
493,Human Nature,7.6,77,661,1h 35min,12 March 2020 (USA),Adam Bolt
494,Saving Capitalism,6.8,N/A,"2,475",1h 13min,21 November 2017 (USA),Jacob Kornbluth
495,Hillary's America: The Secret History of the Democratic Party,5.3,N/A,"6,666",1h 46min,22 July 2016 (USA),Dinesh D'Souza
496,Dr. 90210,4.5,N/A,468,N/A,TV Series (2004– ),Robert M. Rey
497,Voyage of Time: Life's Journey,6.4,68,"4,197",1h 30min,4 May 2017 (France),Terrence Malick
498,Ancient China From Above,6.9,N/A,19,1h,TV Series (2020– ),Allan Maca
499,Platoon: Brothers in Arms,7.6,N/A,142,1h 29min,13 November 2018 (USA),Paul Sanchez
500,Capitalism: A Love Story,7.4,61,"40,869",2h 7min,2 October 2009 (USA),Michael Moore
501,Happy Happy Joy Joy: The Ren & Stimpy Story,7.0,N/A,282,1h 44min,14 August 2020 (USA),Ron Cicero
502,Marley,8.0,82,"13,046",2h 24min,20 April 2012 (UK),Kevin Macdonald
503,Kingdom of the Mummies,6.8,N/A,31,N/A,TV Mini-Series (2020– ),Ramadan Hussein
504,The Beatles: Eight Days a Week - The Touring Years,7.8,72,"11,053",1h 46min,17 September 2016 (USA),Ron Howard
505,The Endless Summer,7.7,N/A,"5,045",1h 35min,18 February 1965 (Australia),Bruce Brown
506,Mucho Mucho Amor: The Legend of Walter Mercado,7.3,76,"2,456",1h 36min,8 July 2020 (USA),Cristina Costantini
507,Religulous,7.6,N/A,"57,066",1h 41min,3 October 2008 (USA),Larry Charles
508,One of Us,7.1,78,"5,530",1h 35min,20 October 2017 (USA),Heidi Ewing
509,Disgraced,7.4,N/A,467,1h 42min,10 March 2017 (USA),Pat Kondelis
510,Audrie & Daisy,7.2,73,"5,613",1h 35min,23 September 2016 (USA),Bonni Cohen
511,"Goodnight, Sugar Babe: The Killing of Vera Jo Reigle",6.2,N/A,558,1h 27min,2013 (USA),J. David Miles
512,Totally Under Control,N/A,N/A,N/A,N/A,October 2020 (USA),Alex Gibney
513,The Fandom,6.5,N/A,69,1h 29min,3 July 2020 (USA),Ash Kreis
514,Forks Over Knives,7.7,N/A,"11,545",1h 30min,16 October 2013 (France),Lee Fulkerson
515,The History of Time Travel,6.9,N/A,682,1h 12min,25 October 2014 (USA),Ricky Kennedy
516,Thrive: What on Earth Will It Take?,6.8,N/A,"2,690",2h 12min,11 November 2011 (USA),Steve Gagné
517,Axios,6.0,N/A,197,30min,TV Series (2018– ),Mike Allen
518,Liberated: The New Sexual Revolution,6.0,N/A,"1,288",1h 24min,April 2017 (USA),Benjamin Nolot
519,"Bill Nye, the Science Guy",8.2,N/A,"6,598",30min,TV Series (1993–1998),Bill Nye
520,Bombshell: The Hedy Lamarr Story,7.4,70,"3,225",1h 28min,8 March 2018 (Ireland),Alexandra Dean
521,"Bikram: Yogi, Guru, Predator",6.7,68,"5,020",1h 26min,20 November 2019 (USA),Eva Orner
522,Cold Justice,8.0,N/A,"1,367",1h,TV Series (2013– ),Kelly Siegler
523,Dogtown and Z-Boys,7.7,76,"12,133",1h 31min,10 May 2002 (USA),Stacy Peralta
524,The Death of Superman Lives: What Happened?,7.1,N/A,"4,181",1h 44min,9 July 2015 (USA),Jon Schnepp
525,WWII in HD,8.7,N/A,"1,945",1h,TV Mini-Series (2009– ),Gary Sinise
526,Monterey Pop,8.0,77,"3,740",1h 18min,23 April 1969 (France),D.A. Pennebaker
527,Superhuman: The Invisible Made Visible,6.2,N/A,25,1h 55min,14 July 2020 (USA),Caroline Cory
528,Stars in the Sky: A Hunting Story,7.1,N/A,139,1h 15min,7 August 2020 (Poland),Steven Rinella
529,Spielberg,7.7,N/A,"5,870",2h 27min,TV Movie 7 October 2017,Susan Lacy
530,Wrinkles the Clown,4.8,N/A,950,1h 18min,4 October 2019 (USA),Michael Beach Nichols
531,The Trade,7.2,N/A,320,1h,TV Mini-Series (2018– ),N/A
532,Generation Wealth,6.6,N/A,"3,634",1h 45min,20 July 2018 (USA),Lauren Greenfield
533,American Pimp,6.7,N/A,"2,132",1h 27min,January 1999 (USA),Albert Hughes
534,Ralphthemoviemaker,8.9,N/A,"1,702",N/A,TV Series (2013–2020),Ralph Sepe
535,Encounters at the End of the World,7.7,80,"16,936",1h 39min,18 July 2008 (USA),Werner Herzog
536,The Gettysburg Address,N/A,N/A,N/A,N/A,N/A,Sean Conant
537,Most Likely to Succeed,7.0,N/A,111,1h 37min,6 December 2019 (USA),Pamela Littky
538,The Putin Interviews,7.6,N/A,"3,746",58min,TV Series (2017),Oliver Stone
539,Becoming,N/A,N/A,N/A,N/A,TV Series,IMDbPro
540,Powaqqatsi,7.3,N/A,"7,677",1h 39min,8 September 1988 (Netherlands),Godfrey Reggio
541,Linda Ronstadt: The Sound of My Voice,8.0,77,"1,393",1h 35min,6 September 2019 (USA),Rob Epstein
542,Celebrity Ghost Stories,7.1,N/A,797,43min,TV Series (2008– ),A. Jones
543,Gimme Danger,7.2,72,"4,877",1h 48min,5 August 2016 (Norway),Jim Jarmusch
544,Travis: The True Story of Travis Walton,7.1,N/A,268,1h 30min,17 February 2015 (USA),Jennifer Stein
545,Playboy: Playmates Bustin' Out,7.2,N/A,59,57min,Video 14 November 2000,Scott Allen
546,Jay Leno's Garage,7.4,N/A,417,1h,TV Series (2015– ),Jay Leno
547,Untold Stories of the ER,7.5,N/A,596,1h,TV Series (2004– ),Armando Valdes-Kennedy
548,Story of Science Fiction,8.1,N/A,983,1h,TV Mini-Series (2018),James Cameron
549,Babies,6.9,N/A,536,N/A,TV Series (2020– ),Pascal Wallisch
550,Gaga: Five Foot Two,7.0,63,"11,272",1h 40min,22 September 2017 (USA),Chris Moukarbel
551,Hopper/Welles,8.5,71,44,2h 10min,18 September 2020 (USA),Orson Welles
552,Burden of Dreams,7.9,N/A,"6,305",1h 35min,24 September 1982 (Sweden),Les Blank
553,Vice,8.9,N/A,"4,073",30min,TV Series (2013– ),Shane Smith
554,Winter on Fire: Ukraine's Fight for Freedom,8.4,79,"12,391",1h 42min,9 October 2015 (USA),Evgeny Afineevsky
555,Mission Control: The Unsung Heroes of Apollo,7.6,71,"1,232",1h 41min,14 March 2017 (USA),David Fairhead
556,The Sit-In: Harry Belafonte hosts the Tonight Show,7.3,70,52,1h 15min,10 September 2020 (USA),Yoruba Richen
557,Kingdom of Silence,N/A,N/A,N/A,N/A,TV Movie 2 October 2020,Rick Rowley
558,Holy Hell,7.0,64,"5,040",1h 40min,27 May 2016 (USA),Will Allen
559,I Am Human,6.5,N/A,136,1h 30min,3 March 2020 (USA),Elena Gaby
560,A Cam Life,4.8,N/A,90,1h 17min,21 December 2018 (USA),Nia Redfield
561,Justin Bieber: Never Say Never,1.6,N/A,"75,070",1h 45min,11 February 2011 (USA),Jon M. Chu
562,Thank You and Good Night,8.1,N/A,50,1h 23min,29 January 1992 (USA),Jan Oxenberg
563,The Movies That Made Us,7.8,N/A,"2,399",1h,TV Series (2019– ),Brian Volk-Weiss
564,The King of Kong: A Fistful of Quarters,8.1,83,"34,448",1h 19min,28 February 2008 (Australia),Seth Gordon
565,Dynasties,9.2,N/A,"3,593",1h,TV Mini-Series (2018– ),David Attenborough
566,Pina,7.7,83,"14,319",1h 43min,24 February 2011 (Germany),Wim Wenders
567,The Nightmare,5.8,68,"6,377",1h 31min,5 June 2015 (USA),Rodney Ascher
568,Penn & Teller: Bullshit!,8.1,N/A,"11,392",30min,TV Series (2003–2010),Randall Moldave
569,Surviving R. Kelly,7.6,N/A,"3,694",5h 6min,TV Mini-Series (2019),Tarana Burke
570,Meeting Gorbachev,7.2,73,"1,517",1h 30min,3 May 2019 (USA),Werner Herzog
571,Atlanta's Missing and Murdered: The Lost Children,7.1,N/A,660,N/A,TV Mini-Series (2020),Tony Axam
572,Cocaine Cowboys,7.8,N/A,"12,274",1h 58min,23 November 2007 (UK),Billy Corben
573,Good Eats,8.9,N/A,"3,309",30min,TV Series (1999–2012),Alton Brown
574,Aliens of the Deep,6.4,71,"2,722",1h 40min,25 August 2005 (Germany),James Cameron
575,Jimi Hendrix,7.8,N/A,"1,500",1h 38min,16 August 1973 (Netherlands),Joe Boyd
576,Matrix,8.4,N/A,10,N/A,28 January 2020 (USA),Kim Harrington
577,Joker: Put on A Happy Face,N/A,N/A,N/A,N/A,2020 (USA),Yuri Ramondelli
578,1,8.0,N/A,"3,788",1h 52min,1 October 2013 (USA),Paul Crowder
579,Cropsey,6.3,73,"7,573",1h 24min,25 April 2009 (USA),Barbara Brancaccio
580,Shirkers,7.4,88,"4,178",1h 37min,26 October 2018 (USA),Sandi Tan
581,Hoaxed,7.4,N/A,"1,070",2h 5min,24 January 2019 (USA),Scooter Downey
582,Homecoming: A Film by Beyoncé,7.4,N/A,"5,921",2h 17min,17 April 2019 (USA),Beyoncé
583,E! True Hollywood Story,6.6,N/A,804,N/A,TV Series (1996– ),Phil Crowley
584,The Killing Season,7.6,N/A,915,43min,TV Series (2016– ),Rachel Mills
585,What's My Name: Muhammad Ali,8.4,N/A,"1,477",2h 45min,15 May 2019 (Hungary),Antoine Fuqua
586,Square One,8.1,N/A,"1,267",1h 23min,5 October 2019 (USA),Danny Wu
587,The Black Godfather,7.4,69,942,1h 58min,7 June 2019 (USA),Reginald Hudlin
588,Sea of Shadows,7.1,72,471,1h 45min,12 July 2019 (USA),Richard Ladkani
589,Slutever,5.6,N/A,398,22min,TV Series (2018–2019),Karley Sciortino
590,I Think We're Alone Now,6.8,N/A,"1,379",1h 10min,20 January 2008 (USA),Sean Donnelly
591,Shine a Light,7.2,76,"10,990",2h 2min,4 April 2008 (Austria),Martin Scorsese
592,Murder Comes to Town,7.3,N/A,390,N/A,TV Series (2014– ),Joe Alaskey
593,Created Equal: Clarence Thomas in His Own Words,7.9,N/A,188,1h 56min,31 January 2020 (USA),Michael Pack
594,The Real Miyagi,7.1,N/A,718,1h 20min,22 February 2015 (USA),Kevin Derek
595,Ravi Patel's Pursuit of Happiness,8.4,N/A,58,42min,TV Series (2020– ),Champa V. Patel
596,Pure Nude Yoga: Zen Garden Goddess,6.0,N/A,24,56min,September 2011 (USA),Dane Van Rose
597,Murder Mountain,6.9,N/A,"2,216",43min,TV Mini-Series (2018),Billy Honsal
598,Murder in the Bayou,7.1,N/A,476,4h 32min,TV Mini-Series (2019),Scott Lewis
599,Classic Albums,8.5,N/A,183,N/A,TV Series (1997– ),Nick de Grunwald
600,Into the Abyss,7.3,74,"15,640",1h 47min,30 March 2012 (UK),Werner Herzog
601,A Chef's Voyage,7.3,N/A,104,1h 30min,3 April 2020 (USA),Rémi Anfosso
602,Looking for Richard,7.3,N/A,"7,810",1h 51min,11 October 1996 (USA),Al Pacino
603,Team Foxcatcher,7.3,N/A,"4,930",1h 30min,29 April 2016 (USA),Jon Greenhalgh
604,Taxi to the Dark Side,7.4,82,"14,726",1h 46min,23 January 2009 (Brazil),Alex Gibney
605,Fastest Car,7.1,N/A,"1,063",45min,TV Series (2018– ),Scott Weintrob
606,Kedi,7.7,78,"12,718",1h 19min,10 February 2017 (USA),Ceyda Torun
607,Hitsville: The Making of Motown,7.9,N/A,859,1h 52min,24 August 2019 (USA),Benjamin Turner
608,The Barkley Marathons: The Race That Eats Its Young,7.8,67,"4,489",1h 29min,1 October 2016 (Netherlands),Annika Iltis
609,Dancer,7.9,65,"2,595",1h 25min,10 March 2017 (UK),Steven Cantor
610,Some Kind of Heaven,7.8,N/A,51,1h 21min,26 January 2020 (USA),Lance Oppenheim
611,The True Cost,7.7,N/A,"6,498",1h 32min,29 May 2015 (USA),Andrew Morgan
612,Undefeated,7.7,71,"6,708",1h 53min,3 August 2012 (UK),Daniel Lindsay
613,The Reason I Jump,8.6,N/A,52,1h 22min,18 November 2020 (France),Jerry Rothwell
614,Nail in the Coffin: The Fall and Rise of Vampiro,8.1,N/A,23,1h 28min,8 September 2020 (USA),Michael Paszt
615,Tony Robbins: I Am Not Your Guru,6.7,N/A,"3,750",1h 55min,15 July 2016 (USA),Joe Berlinger
616,Mein liebster Feind - Klaus Kinski,7.9,70,"10,204",1h 35min,7 October 1999 (Germany),Werner Herzog
617,Deliver Us from Evil,7.9,86,"9,751",1h 41min,22 February 2007 (Netherlands),Amy Berg
618,Memory: The Origins of Alien,6.7,70,"1,973",1h 35min,4 October 2019 (USA),Alexandre O. Philippe
619,Casting JonBenet,6.1,74,"4,747",1h 20min,28 April 2017 (USA),Kitty Green
620,Sex,7.3,N/A,237,1h,Video 15 November 1992,Fabien Baron
621,De Palma,7.4,83,"4,795",1h 50min,23 September 2016 (UK),Noah Baumbach
622,Dont Look Back,8.0,84,"8,280",1h 36min,24 February 1968 (Sweden),D.A. Pennebaker
623,The Internet's Own Boy: The Story of Aaron Swartz,8.0,72,"15,413",1h 45min,27 June 2014 (USA),Brian Knappenberger
624,Dope Sick Love,7.5,N/A,745,1h 33min,TV Movie 10 March 2005,Felice Conte
625,Madonna: Truth or Dare,6.4,N/A,"8,624",2h,24 May 1991 (USA),Alek Keshishian
626,Breaking the Band,6.3,N/A,35,1h,TV Series (2018– ),Swaylee Loughnane
627,Life Itself,7.8,87,"14,710",2h 1min,4 July 2014 (USA),Steve James
628,America's Test Kitchen,8.4,N/A,366,30min,TV Series (2000– ),Christopher Kimball
629,"Scream, Queen! My Nightmare on Elm Street",7.4,64,883,1h 39min,5 April 2019 (USA),Roman Chimienti
630,"Public Sex, Private Lives",5.6,N/A,152,1h 11min,8 June 2013 (USA),Simone Jude
631,Real Sex,6.7,N/A,322,N/A,TV Series (1990–2009),Susan Block
632,No Man's Land,7.3,N/A,82,1h 21min,12 October 2018 (Austria),David Byars
633,Downloaded,6.9,N/A,"2,655",1h 46min,1 July 2013 (USA),Alex Winter
634,Bears,7.4,68,"6,404",1h 18min,18 April 2014 (USA),Alastair Fothergill
635,Studio 54,7.0,70,"2,187",1h 38min,5 October 2018 (USA),Matt Tyrnauer
636,Making Waves: The Art of Cinematic Sound,7.6,80,"1,013",1h 34min,25 October 2019 (USA),Midge Costin
637,Forensic Files II,7.7,N/A,164,N/A,TV Series (2020– ),Paul Dowling
638,Pick of the Litter,7.6,64,"1,130",1h 20min,31 August 2018 (USA),Don Hardy
639,Killer Kids,6.9,N/A,524,N/A,TV Series (2011– ),Misty Lee
640,The September Issue,7.1,69,"7,357",1h 30min,25 September 2009 (USA),R.J. Cutler
641,This Is Football,8.3,N/A,455,1h,TV Series (2019– ),Lionel Messi
642,Big Time,8.2,N/A,724,1h 27min,20 October 1988 (Netherlands),Chris Blum
643,Mike Judge Presents: Tales from the Tour Bus,8.5,N/A,967,30min,TV Series (2017– ),Richard Mullins
644,The Great Buster,7.5,71,"1,026",1h 42min,5 October 2018 (USA),Peter Bogdanovich
645,Sign 'o' the Times,8.1,72,"1,766",1h 25min,20 November 1987 (USA),Prince
646,American Swing,6.1,N/A,575,1h 21min,17 October 2009 (Japan),Jon Hart
647,AlphaGo,7.9,N/A,"4,697",1h 30min,29 September 2017 (USA),Greg Kohs
648,America's Most Wanted: America Fights Back,7.3,N/A,"1,772",1h,TV Series (1988–2013),John Walsh
649,Valley Uprising,8.1,N/A,"4,946",1h 43min,1 September 2014 (USA),Peter Mortimer
650,Contact,5.7,N/A,201,N/A,TV Series (2019– ),Nicholas Karnaze
651,The Decline of Western Civilization Part II: The Metal Years,7.2,N/A,"3,356",1h 33min,24 August 1989 (Australia),Penelope Spheeris
652,Long Shot,7.4,N/A,"5,019",40min,TV Short 29 September 2017,Jacob LaMendola
653,Street Food,8.0,N/A,"2,021",30min,TV Series (2019– ),David Gelb
654,Until the Light Takes Us,7.1,N/A,"5,542",1h 33min,12 August 2010 (Germany),Aaron Aites
655,Finding Bigfoot,4.2,N/A,"1,691",45min,TV Series (2011– ),Cliff Barackman
656,Bleeding Blue,7.2,N/A,25,1h 40min,7 September 2018 (USA),Kenny Latimer
657,"What Happened, Miss Simone?",7.6,75,"11,910",1h 41min,24 June 2015 (USA),Liz Garbus
658,Home,7.3,N/A,270,30min,TV Series (2020– ),N/A
659,American Dharma,7.0,62,557,1h 35min,1 November 2019 (USA),Errol Morris
660,The Hornet's Nest,6.7,61,"2,284",1h 33min,9 May 2014 (USA),David Salzberg
661,1275 Days,5.4,N/A,24,1h 20min,13 October 2019 (USA),Katie Green
662,Coded Bias,7.5,N/A,51,1h 30min,30 January 2020 (USA),Shalini Kantayya
663,Savage Kingdom,8.5,N/A,288,1h,TV Series (2016–2019),Charles Dance
664,Requiem for the American Dream,8.1,N/A,"8,474",1h 13min,20 October 2016 (Denmark),Peter D. Hutchison
665,Lo and Behold: Reveries of the Connected World,7.0,76,"11,744",1h 38min,19 August 2016 (USA),Werner Herzog
666,Becoming Warren Buffett,7.6,N/A,"3,244",1h 30min,30 January 2017 (USA),Peter W. Kunhardt
667,Drug Lords,6.9,N/A,979,42min,TV Series (2018– ),Quinn Dalton
668,Beyond the Mat,7.6,73,"8,090",1h 42min,17 March 2000 (USA),Barry W. Blaustein
669,Lesbian Sex and Sexuality,4.7,N/A,131,N/A,TV Mini-Series (2007– ),Peter Born
670,No One Saw a Thing,6.3,N/A,360,4h 18min,TV Mini-Series (2019),Steve Booher
671,RUTH - Justice Ginsburg in her own Words,N/A,N/A,N/A,1h 30min,2021 (USA),Freida Lee Mock
672,TIME: The Kalief Browder Story,8.5,N/A,"2,146",N/A,TV Mini-Series (2017– ),Jenner Furst
673,The Square,8.1,84,"8,508",1h 35min,10 January 2014 (UK),Jehane Noujaim
674,Whitney,7.3,75,"6,438",2h,5 July 2018 (UK),Kevin Macdonald
675,Unnatural Selection,8.0,N/A,"1,214",1h 6min,TV Series (2019– ),David Ishee
676,My Voyage to Italy,8.2,90,"2,992",4h 6min,16 May 2002 (France),Martin Scorsese
677,Howard,7.7,76,533,1h 34min,14 December 2018 (USA),Don Hahn
678,Country Music,8.9,N/A,984,N/A,TV Mini-Series (2019),Peter Coyote
679,Shot in the Dark,8.0,N/A,"1,475",37min,TV Series (2017– ),Zak Holman
680,Stop at Nothing: The Lance Armstrong Story,7.5,N/A,"2,765",1h 44min,27 May 2014 (Sweden),Alex Holmes
681,Unseen,6.9,N/A,619,1h 15min,April 2016 (USA),Laura Paglin
682,Anbessa,6.3,N/A,105,1h 25min,9 May 2019 (USA),Mo Scarpelli
683,Elephant,7.2,61,"1,693",1h 26min,3 April 2020 (USA),Mark Linfield
684,What Now?,5.9,N/A,"8,812",1h 36min,14 October 2016 (USA),Leslie Small
685,The Murder of Laci Peterson,7.4,N/A,626,5h 3min,TV Series (2017),Gloria Gomez
686,The Armstrong Lie,7.3,67,"7,182",2h 4min,14 November 2013 (Portugal),Alex Gibney
687,It Might Get Loud,7.6,70,"12,256",1h 38min,27 August 2009 (Germany),Davis Guggenheim
688,American Gospel: Christ Crucified,9.1,N/A,116,2h 56min,14 December 2019 (USA),Brandon Kimber
689,Hellstorm,6.9,N/A,"2,540",1h 30min,1 May 2015 (USA),Kyle Hunt
690,Addicted to Sexting,3.9,N/A,781,1h 20min,17 November 2015 (USA),Joseph Tosconi
691,Racing Extinction,8.3,81,"7,410",1h 30min,18 September 2015 (USA),Louie Psihoyos
692,Get Me Roger Stone,7.4,75,"6,426",1h 32min,12 May 2017 (USA),Dylan Bank
693,How to Fix a Drug Scandal,6.9,N/A,"1,891",3h 31min,TV Mini-Series (2020),Scott Allen
694,Metallica: Some Kind of Monster,7.5,74,"17,196",1h 24min,September 2004 (USA),Joe Berlinger
695,The Boy from Medellín,7.0,N/A,15,1h 30min,20 August 2020 (USA),Matthew Heineman
696,Ask a Porn Star,6.3,N/A,98,N/A,TV Series (2015– ),April O'Neil
697,Shark Week,8.0,N/A,255,43min,TV Series (1987– ),Jeff Kurr
698,Mind Field,8.8,N/A,"2,186",26min,TV Series (2017– ),Michael Stevens
699,Italianamerican,7.5,N/A,"2,158",49min,October 1974 (USA),Martin Scorsese
700,What We Left Behind: Star Trek DS9,8.4,N/A,"1,183",1h 56min,13 May 2019 (USA),Ira Steven Behr
701,Wilde Salomé,6.5,65,840,1h 30min,April 2017 (USA),Al Pacino
702,IMDb Supercuts,5.8,N/A,104,N/A,TV Series (2018– ),N/A
703,The Clinton Affair,8.1,N/A,711,5h 1min,TV Series (2018),Monica Lewinsky
704,Where's My Roy Cohn?,6.6,70,743,1h 37min,5 December 2019 (Australia),Matt Tyrnauer
705,Lost Soul: The Doomed Journey of Richard Stanley's Island of Dr. Moreau,7.5,N/A,"3,349",1h 37min,6 November 2015 (Spain),David Gregory
706,Adolf Hitler: The Greatest Story Never Told,7.5,N/A,"5,169",5h 50min,27 January 2013 (USA),Dennis Wise
707,Climate Hustle 2,N/A,N/A,N/A,1h 55min,27 September 2020 (USA),Christopher Rogers
708,Eddie Murphy: Raw,7.7,N/A,"18,106",1h 33min,18 December 1987 (USA),Robert Townsend
709,Inside Edition,3.9,N/A,424,30min,TV Series (1988– ),Deborah Norville
710,America: The Story of Us,7.4,N/A,"1,463",N/A,TV Mini-Series (2010),Daniel Webb
711,SOMM,7.0,N/A,"4,340",1h 34min,21 June 2013 (Canada),Jason Wise
712,Dream/Killer,7.4,N/A,"1,222",1h 46min,4 May 2015 (USA),Andrew Jenks
713,The Disrupted,8.6,N/A,5,1h 28min,15 May 2020 (USA),Sarah Colt
714,Fed Up,7.7,71,"11,379",1h 32min,19 January 2014 (USA),Stephanie Soechtig
715,The Donut King,7.4,N/A,7,1h 30min,24 August 2020 (USA),Alice Gu
716,My Darling Vivian,7.7,78,238,1h 30min,27 April 2020 (USA),Matt Riddlehoover
717,Marwencol,7.6,82,"3,379",1h 23min,8 October 2010 (USA),Jeff Malmberg
718,City of Ghosts,7.4,86,"3,421",1h 32min,21 July 2017 (UK),Matthew Heineman
719,2016: Obama's America,5.0,N/A,"10,313",1h 27min,24 August 2012 (USA),Dinesh D'Souza
720,Life After People,7.6,N/A,"1,224",N/A,TV Series (2009– ),James Lurie
721,Paradise Lost 3: Purgatory,8.1,85,"9,122",2h 1min,13 October 2012 (Brazil),Joe Berlinger
722,Mata Hari: The Naked Spy,6.3,N/A,16,1h 18min,15 October 2017 (USA),Machiel Amorison
723,Vaxxed: From Cover-Up to Catastrophe,5.2,N/A,"4,370",1h 31min,6 April 2017 (Germany),Andrew Wakefield
724,Janis: Little Girl Blue,7.4,74,"4,907",1h 43min,15 December 2015 (USA),Amy Berg
725,Imagine: John Lennon,7.9,N/A,"4,540",1h 40min,7 October 1988 (USA),Andrew Solt
726,American Boy: A Profile of - Steven Prince,7.3,N/A,"1,090",55min,October 1978 (USA),Martin Scorsese
727,Mission Blue,8.0,77,"1,550",1h 35min,15 August 2014 (USA),Robert Nixon
728,Cuba and the Cameraman,8.3,82,"2,788",1h 53min,24 November 2017 (USA),Jon Alpert
729,Freedom: A History of US,5.6,N/A,355,N/A,TV Series (2003– ),Katie Couric
730,Neat: The Story of Bourbon,7.5,N/A,358,1h 15min,20 February 2018 (USA),David Altrogge
731,Lorena,7.2,N/A,"1,475",4h 14min,TV Mini-Series (2019),Lorena Bobbitt
732,Lake of Fire,8.2,83,"2,447",2h 32min,3 October 2007 (USA),Tony Kaye
733,Lost in La Mancha,7.3,74,"11,121",1h 29min,2 August 2002 (UK),Keith Fulton
734,"Love, Antosha",8.1,78,881,1h 32min,2 August 2019 (USA),Garret Price
735,Hamilton's Pharmacopeia,8.8,N/A,735,1h,TV Series (2009– ),Hamilton Morris
736,Michael Moore in TrumpLand,5.6,N/A,"3,719",1h 13min,21 October 2016 (USA),Michael Moore
737,I AM PATRICK,5.6,N/A,152,1h 33min,17 March 2020 (USA),Jarrod Anderson
738,Sense8: Creating the World,8.6,N/A,"1,930",26min,TV Short 1 August 2015,Josh Oreck
739,Divine Madness,7.0,N/A,775,1h 35min,26 September 1980 (USA),Michael Ritchie
740,Finding Vivian Maier,7.7,75,"12,901",1h 23min,17 April 2014 (Italy),John Maloof
741,Never Sleep Again: The Elm Street Legacy,8.6,N/A,"4,095",3h 59min,Video 4 May 2010,Daniel Farrands
742,Magic Trip: Ken Kesey's Search for a Kool Place,6.8,N/A,"1,389",1h 47min,5 August 2011 (USA),Alison Ellwood
743,Nazi Concentration Camps,8.3,N/A,"1,138",59min,22 April 2017 (Australia),George Stevens
744,Iron Cowboy,6.6,N/A,408,1h 16min,26 October 2018 (USA),Jacob Schwarz
745,Home Game,7.1,N/A,543,N/A,TV Series (2020– ),Mark Strong
746,Nightmare Next Door,7.1,N/A,821,1h,TV Series (2011– ),Greg Diefenbach
747,4 Little Girls,7.8,88,"2,797",1h 42min,9 July 1997 (USA),Spike Lee
748,Challenger Disaster: Lost Tapes,7.6,N/A,98,48min,TV Movie 25 January 2016,Tom Jennings
749,Every Little Step,7.5,76,"1,420",1h 36min,12 June 2009 (USA),Adam Del Deo
750,The Blech Effect,N/A,N/A,N/A,1h 27min,25 August 2020 (USA),David Greenwald
751,The Battered Bastards of Baseball,8.0,75,"3,120",1h 20min,11 July 2014 (Netherlands),Chapman Way
752,The Wrecking Crew!,7.6,67,"2,633",1h 41min,13 March 2015 (USA),Denny Tedesco
753,Symbiopsychotaxiplasm: Take One,7.3,71,"1,553",1h 15min,26 October 2005 (USA),William Greaves
754,The Bit Player,7.5,N/A,146,1h 30min,26 June 2020 (USA),Mark Levinson
755,The Summit,6.9,63,"4,482",1h 35min,22 November 2013 (Ireland),Nick Ryan
756,Making the Witcher,6.8,N/A,122,32min,TV Short 27 August 2020,Nathan Wiley
757,The Curse of Civil War Gold,6.3,N/A,343,42min,TV Series (2018– ),Robert Clotworthy
758,Océans,7.8,75,"8,983",1h 24min,22 April 2010 (USA),Jacques Perrin
759,The Death and Life of Marsha P. Johnson,7.3,76,"2,112",1h 45min,6 October 2017 (USA),David France
760,Jazz on a Summer's Day,8.0,N/A,"1,073",1h 25min,20 April 1960 (France),Bert Stern
761,Operation Toussaint: Operation Underground Railroad and the Fight to End Modern Day Slavery,9.1,N/A,131,1h 22min,Video 10 July 2018,Nick Nanton
762,The Aristocrats,6.4,72,"15,909",1h 29min,2 September 2005 (USA),Penn Jillette
763,Trixie Mattel: Moving Parts,7.3,N/A,"1,228",1h 31min,25 April 2019 (USA),Nicholas Zeig-Owens
764,Unrest,7.7,80,"2,429",1h 38min,22 September 2017 (USA),Jennifer Brea
765,Cunningham,6.4,83,279,1h 33min,13 December 2019 (USA),Alla Kovgan
766,The Golden State Killer: It's Not Over,6.9,N/A,172,42min,TV Series (2018),Paul Holes
767,Ghost Adventures: Quarantine,7.8,N/A,68,42min,TV Mini-Series (2020),Zak Bagans
768,The Seven Five,7.6,69,"5,267",1h 44min,8 May 2015 (USA),Tiller Russell
769,Popular Mechanics for Kids,8.4,N/A,547,N/A,TV Series (1997–2005),Jay Baruchel
770,Long Strange Trip - The Untold Story of The Grateful Dead,8.2,78,"1,321",3h 58min,26 May 2017 (USA),Amir Bar-Lev
771,Dolphin Reef,7.5,79,775,1h 17min,3 April 2020 (USA),Keith Scholey
772,Expecting Amy,6.3,N/A,412,N/A,TV Series (2020– ),Kim Caramele
773,The Problem with Apu,3.5,N/A,"2,047",49min,November 2017 (USA),Michael Melamedoff
774,Marianne & Leonard: Words of Love,6.9,69,"1,238",1h 42min,5 July 2019 (USA),Nick Broomfield
775,Ice on Fire,7.4,N/A,"1,287",1h 28min,23 June 2019 (Sweden),Leila Conners
776,The Bill Murray Stories: Life Lessons Learned from a Mythical Man,7.0,N/A,"1,887",1h 10min,10 March 2018 (USA),Tommy Avallone
777,Christiane Amanpour: Sex & Love Around the World,7.4,N/A,655,N/A,TV Series (2018– ),Christiane Amanpour
778,Resurrection: Prison Break,7.6,N/A,692,22min,TV Short 4 March 2017,Rockmond Dunbar
779,The Scheme,7.0,N/A,572,1h 58min,31 March 2020 (USA),Pat Kondelis
780,Jonestown: Terror in the Jungle,8.1,N/A,774,N/A,TV Mini-Series (2018– ),Vernon Gosney
781,"Electric Boogaloo: The Wild, Untold Story of Cannon Films",7.4,N/A,"5,058",1h 46min,5 June 2015 (UK),Mark Hartley
782,Prop Culture,8.3,N/A,478,N/A,TV Series (2020– ),Jason C. Henry
783,"Drugs, Inc.",7.8,N/A,"1,253",44min,TV Series (2010– ),Mike Secher
784,Gleason,8.4,80,"2,524",1h 50min,29 July 2016 (USA),Clay Tweel
785,Murder to Mercy: The Cyntoia Brown Story,6.3,N/A,"1,579",1h 36min,29 April 2020 (USA),Daniel H. Birman
786,I Am,7.5,N/A,"3,435",1h 18min,February 2011 (USA),Tom Shadyac
787,TINY: The Life of Erin Blackwell,7.3,68,34,1h 27min,19 July 2019 (USA),Martin Bell
788,Zoo,5.6,63,"2,686",1h 15min,30 May 2008 (UK),Robinson Devor
789,Defying Gravity: The Untold Story of Women's Gymnastics,N/A,N/A,N/A,N/A,TV Mini-Series (2020– ),N/A
790,Sound City,7.8,76,"12,028",1h 47min,18 February 2013 (UK),Dave Grohl
791,Climate Hustle,5.5,N/A,138,1h 18min,12 July 2017 (Australia),Christopher Rogers
792,Aquarela,6.6,80,"1,070",1h 30min,12 December 2019 (Germany),Viktor Kosakovskiy
793,"Vernon, Florida",7.1,N/A,"3,005",55min,8 October 1981 (USA),Errol Morris
794,Porn Star: The Legend of Ron Jeremy,6.3,N/A,"2,274",1h 17min,January 2001 (USA),Scott J. Gill
795,Andre the Giant,7.8,N/A,"5,331",1h 25min,TV Movie 10 April 2018,Jason Hehir
796,Mondo Topless,5.0,N/A,"1,078",1h,1 October 1966 (USA),Russ Meyer
797,The American Meme,7.1,N/A,"9,585",1h 38min,7 December 2018 (Argentina),Bert Marcus
798,The War Room,7.3,78,"3,786",1h 36min,January 1994 (USA),Chris Hegedus
799,Mysteries at the Museum,8.1,N/A,"1,010",1h,TV Series (2010– ),Stephanie Angelides
800,Fatal Vows,6.6,N/A,164,1h,TV Series (2012– ),Kathleen Fee
801,The Queen of Versailles,7.1,80,"12,451",1h 40min,16 August 2014 (Japan),Lauren Greenfield
802,They'll Love Me When I'm Dead,7.4,77,"4,111",1h 38min,2 November 2018 (USA),Morgan Neville
803,The Green Fairy,6.2,N/A,119,1h 30min,21 January 2016 (USA),Dan Frank
804,The Hunting Ground,7.4,77,"5,829",1h 43min,1 January 2016 (Belgium),Kirby Dick
805,"Food, Inc.",7.8,80,"49,068",1h 34min,31 July 2009 (USA),Robert Kenner
806,Jane Fonda in Five Acts,8.0,87,"1,791",2h 13min,24 September 2018 (USA),Susan Lacy
807,Strong Island,6.4,86,"3,420",1h 47min,15 September 2017 (USA),Yance Ford
808,The Pixar Story,7.8,N/A,"5,776",1h 27min,28 August 2007 (USA),Leslie Iwerks
809,Greatness Code,4.3,N/A,198,6min,TV Series (2020– ),Usain Bolt
810,Reliving Our Fast Times at Ridgemont High,6.1,N/A,48,39min,Video 1999,J.M. Kenny
811,Red Penguins,6.6,76,122,1h 20min,4 August 2020 (USA),Gabe Polsky
812,Generation Iron,7.1,61,"7,530",1h 46min,20 September 2013 (USA),Vlad Yudin
813,The World Wars,8.0,N/A,"2,085",4h 30min,TV Series (2014– ),Mike Adler
814,The Cheshire Murders,6.6,N/A,"2,025",1h 58min,TV Movie 22 July 2013,Kate Davis
815,Bully,7.3,74,"9,746",1h 38min,27 April 2012 (Iceland),Lee Hirsch
816,Who Killed Malcolm X?,7.6,N/A,"1,462",43min,TV Mini-Series (2019–2020),Abdur-Rahman Muhammad
817,Genesis 2.0,7.1,N/A,429,1h 52min,2 January 2019 (USA),Christian Frei
818,Betting on Zero,7.2,72,"4,757",1h 39min,17 March 2017 (USA),Ted Braun
819,Hostile Planet,8.2,N/A,465,47min,TV Mini-Series (2019– ),Bear Grylls
820,My Tourette's,6.5,N/A,15,1h 15min,4 March 2018 (USA),Alessandro Molatore
821,Tower,7.9,92,"7,195",1h 22min,3 February 2017 (UK),Keith Maitland
822,Filmworker,7.4,73,"2,614",1h 34min,11 May 2018 (Canada),Tony Zierra
823,The 24 Hour War,7.2,N/A,"1,758",1h 39min,2016 (USA),Nate Adams
824,Sex on //,5.8,N/A,139,27min,TV Series (2014– ),Taylor Haisch
825,ReMastered: Devil at the Crossroads,7.0,N/A,"1,993",48min,TV Movie 26 April 2019,Brian Oakes
826,Miss Representation,7.6,N/A,"3,563",1h 25min,15 April 2014 (Netherlands),Jennifer Siebel Newsom
827,The Devil We Know,7.7,N/A,882,1h 35min,23 May 2019 (Germany),Stephanie Soechtig
828,Paradise Lost 2: Revelations,7.6,N/A,"8,032",2h 10min,TV Movie 12 March 2001,Joe Berlinger
829,Tyson,7.5,83,"12,098",1h 30min,15 May 2009 (USA),James Toback
830,Live from Daryl's House,9.0,N/A,129,N/A,TV Series (2007– ),Daryl Hall
831,Playboy: Sizzling Sex Stars,6.9,N/A,119,1h 10min,Video 5 May 2003,Robert Kubilos
832,The Irishman: In Conversation,7.4,N/A,"1,413",23min,27 November 2019 (USA),Martin Scorsese
833,The Magic Pill,7.1,N/A,"1,993",1h 31min,7 September 2017 (Australia),Robert Tate
834,Wildboyz,7.2,N/A,"4,133",30min,TV Series (2003–2006),Sean Cliver
835,Chicago 10,7.3,69,"1,209",1h 50min,18 January 2007 (USA),Brett Morgen
836,The Woman Who Wasn't There,6.8,N/A,"1,775",1h 5min,7 September 2012 (Germany),Angelo J. Guglielmo Jr.
837,Year Million,7.4,N/A,432,47min,TV Mini-Series (2017),Negin Farsad
838,Blackpink: Light Up the Sky,N/A,N/A,N/A,1h 19min,14 October 2020 (USA),Caroline Suh
839,Absurd Planet,3.9,N/A,"1,160",N/A,TV Series (2020– ),Afi Ekulona
840,Side by Side,7.6,82,"12,944",1h 39min,22 August 2012 (USA),Christopher Kenneally
841,Crystal Lake Memories: The Complete History of Friday the 13th,8.5,N/A,"1,856",6h 40min,Video 13 September 2013,Daniel Farrands
842,A Brief History of Time,7.3,78,"5,128",1h 20min,16 October 1992 (Australia),Errol Morris
843,Hated: GG Allin & the Murder Junkies,7.3,N/A,"2,834",52min,1993 (USA),Todd Phillips
844,"Playboy: No Boys Allowed, 100% Girls 4",6.1,N/A,23,54min,Video 8 May 2007,Kristi Cline
845,Assassins,7.3,76,30,1h 44min,10 October 2020 (Japan),Ryan White
846,Porndemic,6.2,N/A,382,1h 32min,7 December 2018 (USA),Spookie Daly
847,Messiah by Handel Through Brian Gibson's Eyes,N/A,N/A,N/A,N/A,N/A,Christopher Bela
848,Black Love,5.8,N/A,209,42min,TV Series (2017– ),D.L. Hughley
849,Hitting the Apex,8.3,N/A,"2,881",2h 18min,23 September 2015 (Italy),Mark Neale
850,One Day at Disney,7.3,N/A,305,5min,TV Series (2019– ),Eric Goldberg
851,Elvis: That's the Way It Is,8.1,N/A,"2,382",1h 37min,11 November 1970 (USA),Denis Sanders
852,Dark Net,7.1,N/A,"1,389",30min,TV Series (2016– ),Mati Kochavi
853,The Trump I Know,N/A,N/A,N/A,1h 30min,1 October 2020 (USA),Matthew Thayer
854,Public Speaking,7.6,N/A,"1,572",1h 24min,22 November 2010 (USA),Martin Scorsese
855,The 50 Year Argument,6.5,N/A,602,1h 37min,29 January 2015 (Denmark),Martin Scorsese
856,The Legend of Cocaine Island,6.3,N/A,"2,630",1h 23min,29 March 2019 (USA),Theo Love
857,Return to Mount Kennedy,7.6,N/A,16,1h 20min,5 November 2019 (USA),Eric Becker
858,The Need to Grow,8.2,N/A,95,1h 36min,13 October 2019 (USA),Rob Herring
859,Blood on the Wall,5.8,N/A,5,N/A,30 September 2020 (USA),Sebastian Junger
860,Unzipped,6.5,N/A,"1,041",1h 13min,11 August 1995 (USA),Douglas Keeve
861,Fandango at the Wall,8.2,N/A,32,1h 32min,21 August 2020 (USA),Varda Bar-Kar
862,City Confidential,8.6,N/A,433,50min,TV Series (1998–2006),Paul Winfield
863,Rescue 911,7.5,N/A,878,1h,TV Series (1989–1996),William Shatner
864,What on Earth?,5.8,N/A,471,44min,TV Series (2015– ),Steven Kearney
865,The Price of Everything,7.2,76,893,1h 38min,19 October 2018 (USA),Nathaniel Kahn
866,Hoarding: Buried Alive,6.5,N/A,656,N/A,TV Series (2010–2014),Bray Poor
867,Hearts and Minds,8.2,68,"5,232",1h 52min,17 November 1975 (Sweden),Peter Davis
868,Chronos,7.8,N/A,"3,246",43min,10 May 1985 (USA),Ron Fricke
869,America: Imagine the World Without Her,5.4,N/A,"6,480",1h 45min,2 July 2014 (USA),Dinesh D'Souza
870,I'm a Pornstar: Gay4Pay,7.0,N/A,81,53min,12 April 2016 (USA),Charlie David
871,The Original Kings of Comedy,6.9,73,"5,317",1h 55min,18 August 2000 (USA),Spike Lee
872,The Houses October Built,6.4,N/A,475,1h 34min,N/A,Bobby Roe
873,Inside the Criminal Mind,5.4,N/A,713,52min,TV Series (2017– ),Geoffrey Martin
874,The Projectionist,6.5,65,44,1h 21min,28 April 2019 (USA),Abel Ferrara
875,Tupac: Resurrection,7.9,66,"8,927",1h 52min,14 November 2003 (USA),Lauren Lazin
876,Struggle: The Life and Lost Art of Szukalski,8.0,N/A,"2,905",1h 55min,21 December 2018 (USA),Irek Dobrowolski
877,In the Absence,7.7,N/A,"1,082",28min,9 November 2018 (USA),Seung-jun Yi
878,Ghost Adventures,7.8,N/A,"2,009",1h 27min,25 July 2007 (USA),Zak Bagans
879,Marina Abramovic: The Artist Is Present,7.9,74,"5,738",1h 46min,5 July 2012 (Russia),Matthew Akers
880,The Bleeding Edge,7.7,74,"2,056",1h 39min,27 July 2018 (USA),Kirby Dick
881,The Russian Five,8.2,75,831,1h 42min,6 November 2019 (USA),Joshua Riehl
882,The Influence,N/A,N/A,N/A,N/A,1 December 2019 (USA),Romelus
883,United Shades of America,6.5,N/A,613,42min,TV Series (2016– ),W. Kamau Bell
884,Terms and Conditions May Apply,7.3,68,"5,863",1h 19min,12 July 2013 (USA),Cullen Hoback
885,This Is Elvis,7.5,N/A,"1,149",1h 50min,10 April 1981 (USA),Malcolm Leo
886,Festival,7.6,N/A,478,1h 35min,23 October 1967 (USA),Murray Lerner
887,Quincy,7.6,N/A,"3,393",2h 4min,21 September 2018 (USA),Alan Hicks
888,The Longest War,6.8,N/A,196,1h 30min,15 August 2020 (UK),Greg Barker
889,Alone in the Wilderness,8.7,N/A,"3,407",57min,TV Movie 8 October 2004,Sam Keith
890,The Man Who Saved the World,7.6,N/A,"1,891",1h 50min,18 September 2015 (USA),Peter Anthony
891,Finding Joe,6.9,N/A,312,1h 20min,30 September 2011 (USA),Patrick Takaya Solomon
892,Star Wars Galaxy's Edge: Adventure Awaits,5.4,N/A,71,1h 24min,TV Movie 29 September 2019,John Boyega
893,Sneakerheadz,6.4,N/A,680,1h 13min,7 August 2015 (USA),David T. Friendly
894,Asteroid Hunters,N/A,N/A,N/A,N/A,N/A,W.D. Hogan
895,Jackass 2.5,6.4,N/A,"19,890",1h 4min,Video 19 December 2007,Jeff Tremaine
896,David Blaine: Ascension,4.4,N/A,84,2h 58min,TV Special 2 September 2020,Matthew Akers
897,Unsung,8.7,N/A,314,1h,TV Series (2008– ),Gary Anthony Williams
898,The Green Book: Guide to Freedom,8.3,N/A,593,1h,TV Movie 25 February 2019,Yoruba Richen
899,The Age of A.I.,7.8,N/A,268,N/A,TV Series (2019–2020),Robert Downey Jr.
900,Life in a Day,7.7,N/A,"14,761",1h 35min,27 January 2011 (USA),Loressa Clisby
901,306 Hollywood,6.5,66,178,1h 34min,28 September 2018 (USA),Elan Bogarín
902,The Messy Truth with Van Jones,5.1,N/A,33,N/A,TV Mini-Series (2016–2017),Van Jones
903,Fyre Fraud,6.8,N/A,"5,178",1h 36min,14 January 2019 (USA),Jenner Furst
904,Vaxxed II: The People's Truth,6.6,N/A,"1,187",1h 30min,6 November 2019 (USA),Brian Burrowes
905,Kings of Pain,6.5,N/A,214,40min,TV Series (2019– ),Robert Alleva
906,American Justice,8.1,N/A,642,1h,TV Series (1992–2005),Bill Kurtis
907,We Are the Dream: The Kids of the Oakland MLK Oratorical Fest,6.0,N/A,38,1h,18 February 2020 (USA),Amy Schatz
908,Lenny Cooke,6.8,70,598,1h 28min,7 June 2016 (USA),Benny Safdie
909,Horror Noire: A History of Black Horror,7.7,N/A,914,1h 23min,7 February 2019 (USA),Xavier Burgin
910,Navy SEALs: BUDS Class 234,8.5,N/A,417,N/A,TV Mini-Series (2000– ),N/A
911,Chuck Berry Hail! Hail! Rock 'n' Roll,7.8,N/A,"1,221",2h,9 October 1987 (USA),Taylor Hackford
912,Witches of Salem,7.0,N/A,80,2h 48min,TV Mini-Series (2019),Chayla Day
913,Once Is Enough,7.3,N/A,99,1h 14min,8 May 2020 (USA),Jeffrey James Binney
914,Who Do You Think You Are?,8.1,N/A,"1,263",1h,TV Series (2010– ),Mocean Melvin
915,The Case Against Adnan Syed,6.6,N/A,"1,781",4h 28min,TV Mini-Series (2019),Luke Brindle-Khym
916,Junun,7.3,78,"1,855",54min,9 October 2015 (USA),Paul Thomas Anderson
917,Monsterquest,7.1,N/A,951,45min,TV Series (2007– ),Doug Hajicek
918,Kate Plays Christine,6.2,75,924,1h 52min,14 October 2016 (UK),Robert Greene
919,"Hale County This Morning, This Evening",6.3,85,"1,754",1h 16min,14 September 2018 (USA),RaMell Ross
920,Tricked: The Documentary,6.0,61,"1,467",1h 13min,13 December 2013 (USA),John Keith Wasson
921,Roll Red Roll,7.1,83,"1,607",1h 20min,3 January 2019 (Norway),Nancy Schwartzman
922,In Search of...,8.6,N/A,853,30min,TV Series (1976–1982),Leonard Nimoy
923,Breakthrough,7.6,N/A,252,1h,TV Series (2015– ),Mike Colter
924,The Amazing Johnathan Documentary,6.5,N/A,"1,239",1h 31min,16 August 2019 (USA),Benjamin Berman
925,Pandora Peaks,4.1,N/A,277,1h 11min,Video 25 October 2004,Russ Meyer
926,"Playboy: Blondes, Brunettes, Redheads",7.2,N/A,321,51min,Video 19 August 1998,Steve Silas
927,Extraordinary: The Stan Romanek Story,3.8,N/A,"1,676",1h 45min,2 November 2013 (USA),Jon Sumple
928,American Gangster,7.8,N/A,218,1h,TV Series (2006–2009),Barry Michael Cooper
929,Ant Anstead Master Mechanic,7.3,N/A,32,N/A,TV Series (2019– ),Ant Anstead
930,Iverson,7.1,N/A,"3,671",1h 46min,27 April 2014 (USA),Zatella Beatty
931,Terrorism Close Calls,5.3,N/A,492,50min,TV Series (2018– ),David Bitkower
932,I (Almost) Got Away with It,7.5,N/A,605,N/A,TV Series (2010– ),Bill Ratner
933,Lot Lizard,5.7,N/A,125,1h 12min,2016 (USA),Alexander Perlman
934,The West,8.3,N/A,"1,779",8h 57min,TV Mini-Series (1996),Peter Coyote
935,Behind the Music,7.4,N/A,"1,299",N/A,TV Series (1997–2014),Gay Rosenthal
936,Loot,6.5,N/A,131,1h 26min,4 December 2009 (USA),Darius Marder
937,"Coronavirus, Explained",7.7,N/A,"1,331",1h 9min,TV Mini-Series (2020),Idris Elba
938,The 11th Hour,7.3,63,"5,543",1h 35min,10 October 2007 (Philippines),Leila Conners
939,Bright Lights,8.0,78,"3,107",1h 35min,TV Movie 7 January 2017,Alexis Bloom
940,Risk,6.3,72,"2,047",1h 26min,12 May 2017 (USA),Laura Poitras
941,Fasting,5.9,N/A,226,1h 40min,21 December 2017 (USA),Doug Orchard
942,Watergate,7.6,73,206,4h 20min,TV Series (2018– ),Douglas Hodge
943,True Life,7.5,N/A,993,1h,TV Series (1998– ),Aaron Saidman
944,A Poem Is a Naked Person,7.1,76,357,1h 30min,8 July 2016 (UK),Les Blank
945,The Brainwashing of My Dad,6.7,N/A,856,1h 30min,18 March 2016 (USA),Jen Senko
946,An Open Secret,7.4,66,"2,062",1h 39min,June 2015 (USA),Amy Berg
947,Loose Change 9/11: An American Coup,7.2,N/A,"3,450",1h 39min,Video 22 September 2009,Dylan Avery
948,Good Hair,6.9,72,"5,439",1h 36min,23 October 2009 (USA),Jeff Stilson
949,Dave Chappelle's Block Party,7.2,84,"8,752",1h 43min,3 March 2006 (USA),Michel Gondry
950,From Fat Lolli to Six Pack Lolli: The Ultimate Transformation Story,5.2,N/A,74,1h 34min,15 June 2020 (USA),Keith Eccles
951,Enemies of the State,6.8,76,19,1h 43min,11 September 2020 (Canada),Sonia Kennebeck
952,Dick: The Documentary,6.5,N/A,32,49min,12 September 2014 (USA),Brian Fender
953,180° South,7.6,N/A,"2,866",1h 25min,22 January 2011 (Japan),Chris Malloy
954,"Siempre, Luis",N/A,N/A,N/A,1h 35min,6 October 2020 (USA),John James
955,The Cruise,7.7,69,"1,633",1h 16min,23 October 1998 (USA),Bennett Miller
956,Scotty and the Secret History of Hollywood,6.6,67,"1,069",1h 38min,27 July 2018 (USA),Matt Tyrnauer
957,Naqoyqatsi,6.6,N/A,"5,369",1h 29min,21 January 2003 (Czech Republic),Godfrey Reggio
958,"Fat, Sick & Nearly Dead",7.5,N/A,"8,395",1h 37min,1 September 2014 (Netherlands),Joe Cross
959,On the Case with Paula Zahn,7.2,N/A,655,1h,TV Series (2009– ),Scott Sternberg
960,Cooked,8.1,N/A,"2,621",1h,TV Mini-Series (2016),Michael Pollan
961,American Greed,8.2,N/A,395,N/A,TV Series (2007– ),Stacy Keach
962,Monkey Kingdom,7.3,72,"3,673",1h 21min,17 April 2015 (USA),Mark Linfield
963,The House in Between,5.2,N/A,80,1h 21min,5 May 2020 (USA),Steve Gonsalves
964,Snapped: Killer Couples,7.2,N/A,311,1h,TV Series (2013– ),Anna Vocino
965,Famous T & A,5.4,N/A,106,1h 14min,Video 1982,Ken Dixon
966,First Contact,6.6,N/A,175,1h 35min,23 June 2017 (USA),Darryl Anka
967,Empire of Dreams: The Story of the 'Star Wars' Trilogy,8.3,N/A,"4,036",2h 31min,Video 20 September 2004,Edith Becker
968,And We Go Green,6.4,N/A,144,1h 39min,4 June 2020 (USA),Fisher Stevens
969,For the Love of Spock,7.6,74,"3,740",1h 51min,9 September 2016 (USA),Adam Nimoy
970,National Geographic: Inside 9/11,8.0,N/A,432,4h,TV Mini-Series (2005– ),Rohan Gunaratna
971,Inside Borussia Dortmund,7.3,N/A,472,N/A,TV Series (2019– ),Borussia Dortmund
972,Playboy: Voluptuous Vixens,6.5,N/A,147,54min,Video 28 November 1997,Scott Allen
973,Tiny World,N/A,N/A,N/A,N/A,TV Series (2020– ),Paul Rudd
974,Game of Thrones: Season 2 - Character Profiles,8.7,N/A,"1,245",16min,Video January 2013,Alfie Allen
975,"Crazy, Not Insane",6.5,N/A,26,1h 57min,9 October 2020 (USA),Alex Gibney
976,An Honest Liar,7.5,76,"9,137",1h 30min,2 November 2014 (UK),Tyler Measom
977,First Team: Juventus,7.4,N/A,"1,753",40min,TV Series (2018– ),D.B. Sweeney
978,Blood of 1000 Virgins,5.1,N/A,57,1h 13min,14 May 2013 (USA),Charles Band
979,Never Surrender: A Galaxy Quest Documentary,7.6,N/A,"1,178",1h 35min,26 November 2019 (USA),Jack Bennett
980,The Blues,8.2,N/A,"1,033",N/A,TV Mini-Series (2003),B.B. King
981,The Sex Side of Low Budget Films,6.7,N/A,31,1h 18min,Video 2004,Jeremy Isbell
982,Let the Good Times Roll,7.6,N/A,330,1h 39min,19 July 1973 (Netherlands),Robert Abel
983,Hillbilly,6.6,67,222,1h 27min,23 November 2018 (USA),Sally Rubin
984,Cry Wolfe,3.3,N/A,307,N/A,TV Series (2014–2016),Brian S. Wolfe
985,Comedian,6.9,62,"6,473",1h 22min,July 2003 (Norway),Christian Charles
986,The Genetic Detective,7.2,N/A,261,N/A,TV Series (2020– ),CeCe Moore
987,Sex Life,5.5,N/A,50,N/A,TV Series (2019– ),Barbara Ann Duffy
988,Playboy: Playmates Unwrapped,7.3,N/A,74,53min,Video 13 November 2001,Scott Allen
989,The Witness,7.0,79,"3,915",1h 29min,3 June 2016 (USA),James D. Solomon
990,Cathouse: The Series,6.4,N/A,215,30min,TV Series (2005–2014),Dennis Hof
991,The Lake Erie Murders,7.1,N/A,172,43min,TV Series (2018– ),Jeremy Bobb
992,Primal Survivor,8.3,N/A,211,N/A,TV Series (2016– ),Hazen Audel
993,Barefoot Contessa,6.3,N/A,557,30min,TV Series (2002– ),Ina Garten
994,Prophet's Prey,7.3,77,"1,426",1h 30min,18 September 2015 (USA),Amy Berg
995,Terror in the Aisles,6.5,N/A,"1,747",1h 24min,26 October 1984 (USA),Andrew J. Kuehn
996,Born Into Brothels: Calcutta's Red Light Kids,7.2,78,"16,012",1h 25min,11 March 2005 (USA),Zana Briski
997,Who Killed the Electric Car?,7.6,70,"12,074",1h 32min,4 August 2006 (USA),Chris Paine
998,Dear...,6.7,N/A,174,30min,TV Series (2020– ),Rachael Iczkowski
999,Jonestown: The Life and Death of Peoples Temple,7.8,79,"4,950",1h 26min,26 April 2006 (USA),Stanley Nelson
